index,parent,subba,time,start,end,start_act,end_act,start_match,end_match,n_obs,na,imputed,type,update,success,comments
1,NYIS,ZONA,2024-11-05 05:30:28.064184+00:00,2022-01-01 00:00:00,2024-10-01 01:00:00,2022-01-01 00:00:00,2024-10-01 01:00:00,True,True,24098.0,1.0,1,backfill,True,True,Missing values were found;  Missing values were imputed
1,NYIS,ZONB,2024-11-05 05:30:39.101353+00:00,2022-01-01 00:00:00,2024-10-01 01:00:00,2022-01-01 00:00:00,2024-10-01 01:00:00,True,True,24098.0,1.0,1,backfill,True,True,Missing values were found;  Missing values were imputed
1,NYIS,ZONC,2024-11-05 05:30:54.164038+00:00,2022-01-01 00:00:00,2024-10-01 01:00:00,2022-01-01 00:00:00,2024-10-01 01:00:00,True,True,24098.0,1.0,1,backfill,True,True,Missing values were found;  Missing values were imputed
1,NYIS,ZOND,2024-11-05 05:31:09.183913+00:00,2022-01-01 00:00:00,2024-10-01 01:00:00,2022-01-01 00:00:00,2024-10-01 01:00:00,True,True,24098.0,1.0,1,backfill,True,True,Missing values were found;  Missing values were imputed
1,NYIS,ZONE,2024-11-05 05:31:24.350373+00:00,2022-01-01 00:00:00,2024-10-01 01:00:00,2022-01-01 00:00:00,2024-10-01 01:00:00,True,True,24098.0,1.0,1,backfill,True,True,Missing values were found;  Missing values were imputed
1,NYIS,ZONF,2024-11-05 05:31:38.829825+00:00,2022-01-01 00:00:00,2024-10-01 01:00:00,2022-01-01 00:00:00,2024-10-01 01:00:00,True,True,24098.0,1.0,1,backfill,True,True,Missing values were found;  Missing values were imputed
1,NYIS,ZONG,2024-11-05 05:31:54.169900+00:00,2022-01-01 00:00:00,2024-10-01 01:00:00,2022-01-01 00:00:00,2024-10-01 01:00:00,True,True,24098.0,1.0,1,backfill,True,True,Missing values were found;  Missing values were imputed
1,NYIS,ZONH,2024-11-05 05:32:08.296707+00:00,2022-01-01 00:00:00,2024-10-01 01:00:00,2022-01-01 00:00:00,2024-10-01 01:00:00,True,True,24098.0,1.0,1,backfill,True,True,Missing values were found;  Missing values were imputed
1,NYIS,ZONI,2024-11-05 05:32:23.408402+00:00,2022-01-01 00:00:00,2024-10-01 01:00:00,2022-01-01 00:00:00,2024-10-01 01:00:00,True,True,24098.0,1.0,1,backfill,True,True,Missing values were found;  Missing values were imputed
1,NYIS,ZONJ,2024-11-05 05:32:39.046172+00:00,2022-01-01 00:00:00,2024-10-01 01:00:00,2022-01-01 00:00:00,2024-10-01 01:00:00,True,True,24098.0,1.0,1,backfill,True,True,Missing values were found;  Missing values were imputed
1,NYIS,ZONK,2024-11-05 05:32:56.003404+00:00,2022-01-01 00:00:00,2024-10-01 01:00:00,2022-01-01 00:00:00,2024-10-01 01:00:00,True,True,24098.0,1.0,1,backfill,True,True,Missing values were found;  Missing values were imputed
2,NYIS,ZONA,2024-11-05 05:34:07.265687+00:00,2024-10-01 02:00:00,2024-11-04 02:00:00,2024-10-01 02:00:00,2024-11-04 02:00:00,True,True,817.0,2.0,2,refresh,True,True,Missing values were found;  Missing values were imputed
2,NYIS,ZONB,2024-11-05 05:34:08.968823+00:00,2024-10-01 02:00:00,2024-11-04 02:00:00,2024-10-01 02:00:00,2024-11-04 02:00:00,True,True,817.0,2.0,2,refresh,True,True,Missing values were found;  Missing values were imputed
3,NYIS,ZONA,2024-11-05 05:34:55.831717+00:00,2024-11-04 03:00:00,2024-11-04 02:00:00,,,,,,,0,refresh,False,True,No new data is available; 
3,NYIS,ZONB,2024-11-05 05:34:55.832984+00:00,2024-11-04 03:00:00,2024-11-04 02:00:00,,,,,,,0,refresh,False,True,No new data is available; 
3,NYIS,ZONC,2024-11-05 05:34:56.825905+00:00,2024-10-01 02:00:00,2024-11-04 02:00:00,2024-10-01 02:00:00,2024-11-04 02:00:00,True,True,817.0,2.0,2,refresh,True,True,Missing values were found;  Missing values were imputed
3,NYIS,ZOND,2024-11-05 05:34:58.683314+00:00,2024-10-01 02:00:00,2024-11-04 02:00:00,2024-10-01 02:00:00,2024-11-04 02:00:00,True,True,817.0,2.0,2,refresh,True,True,Missing values were found;  Missing values were imputed
3,NYIS,ZONE,2024-11-05 05:35:00.518441+00:00,2024-10-01 02:00:00,2024-11-04 02:00:00,2024-10-01 02:00:00,2024-11-04 02:00:00,True,True,817.0,2.0,2,refresh,True,True,Missing values were found;  Missing values were imputed
3,NYIS,ZONF,2024-11-05 05:35:02.446782+00:00,2024-10-01 02:00:00,2024-11-04 02:00:00,2024-10-01 02:00:00,2024-11-04 02:00:00,True,True,817.0,2.0,2,refresh,True,True,Missing values were found;  Missing values were imputed
3,NYIS,ZONG,2024-11-05 05:35:04.614086+00:00,2024-10-01 02:00:00,2024-11-04 02:00:00,2024-10-01 02:00:00,2024-11-04 02:00:00,True,True,817.0,2.0,2,refresh,True,True,Missing values were found;  Missing values were imputed
3,NYIS,ZONH,2024-11-05 05:35:06.207796+00:00,2024-10-01 02:00:00,2024-11-04 02:00:00,2024-10-01 02:00:00,2024-11-04 02:00:00,True,True,817.0,2.0,2,refresh,True,True,Missing values were found;  Missing values were imputed
3,NYIS,ZONI,2024-11-05 05:35:08.097463+00:00,2024-10-01 02:00:00,2024-11-04 02:00:00,2024-10-01 02:00:00,2024-11-04 02:00:00,True,True,817.0,2.0,2,refresh,True,True,Missing values were found;  Missing values were imputed
3,NYIS,ZONJ,2024-11-05 05:35:09.823799+00:00,2024-10-01 02:00:00,2024-11-04 02:00:00,2024-10-01 02:00:00,2024-11-04 02:00:00,True,True,817.0,2.0,2,refresh,True,True,Missing values were found;  Missing values were imputed
3,NYIS,ZONK,2024-11-05 05:35:11.438723+00:00,2024-10-01 02:00:00,2024-11-04 02:00:00,2024-10-01 02:00:00,2024-11-04 02:00:00,True,True,817.0,2.0,2,refresh,True,True,Missing values were found;  Missing values were imputed
4,NYIS,ZONA,2024-11-05 06:18:53.921533+00:00,,2024-11-04 02:00:00,,,,,,,0,refresh,False,True,No new data is available; 
4,NYIS,ZONB,2024-11-05 06:18:53.923160+00:00,,2024-11-04 02:00:00,,,,,,,0,refresh,False,True,No new data is available; 
4,NYIS,ZONC,2024-11-05 06:18:53.925576+00:00,2024-11-04 03:00:00,2024-11-04 02:00:00,,,,,,,0,refresh,False,True,No new data is available; 
4,NYIS,ZOND,2024-11-05 06:18:53.927755+00:00,2024-11-04 03:00:00,2024-11-04 02:00:00,,,,,,,0,refresh,False,True,No new data is available; 
4,NYIS,ZONE,2024-11-05 06:18:53.929798+00:00,2024-11-04 03:00:00,2024-11-04 02:00:00,,,,,,,0,refresh,False,True,No new data is available; 
4,NYIS,ZONF,2024-11-05 06:18:53.931919+00:00,2024-11-04 03:00:00,2024-11-04 02:00:00,,,,,,,0,refresh,False,True,No new data is available; 
4,NYIS,ZONG,2024-11-05 06:18:53.934277+00:00,2024-11-04 03:00:00,2024-11-04 02:00:00,,,,,,,0,refresh,False,True,No new data is available; 
4,NYIS,ZONH,2024-11-05 06:18:53.936362+00:00,2024-11-04 03:00:00,2024-11-04 02:00:00,,,,,,,0,refresh,False,True,No new data is available; 
4,NYIS,ZONI,2024-11-05 06:18:53.938384+00:00,2024-11-04 03:00:00,2024-11-04 02:00:00,,,,,,,0,refresh,False,True,No new data is available; 
4,NYIS,ZONJ,2024-11-05 06:18:53.940429+00:00,2024-11-04 03:00:00,2024-11-04 02:00:00,,,,,,,0,refresh,False,True,No new data is available; 
4,NYIS,ZONK,2024-11-05 06:18:53.942428+00:00,2024-11-04 03:00:00,2024-11-04 02:00:00,,,,,,,0,refresh,False,True,No new data is available; 
5,NYIS,ZONA,2024-11-05 07:13:29.877656+00:00,,2024-11-04 02:00:00,,,,,,,0,refresh,False,True,No new data is available; 
5,NYIS,ZONB,2024-11-05 07:13:29.879325+00:00,,2024-11-04 02:00:00,,,,,,,0,refresh,False,True,No new data is available; 
5,NYIS,ZONC,2024-11-05 07:13:29.881743+00:00,,2024-11-04 02:00:00,,,,,,,0,refresh,False,True,No new data is available; 
5,NYIS,ZOND,2024-11-05 07:13:29.884192+00:00,,2024-11-04 02:00:00,,,,,,,0,refresh,False,True,No new data is available; 
5,NYIS,ZONE,2024-11-05 07:13:29.886783+00:00,,2024-11-04 02:00:00,,,,,,,0,refresh,False,True,No new data is available; 
5,NYIS,ZONF,2024-11-05 07:13:29.888828+00:00,,2024-11-04 02:00:00,,,,,,,0,refresh,False,True,No new data is available; 
5,NYIS,ZONG,2024-11-05 07:13:29.890905+00:00,,2024-11-04 02:00:00,,,,,,,0,refresh,False,True,No new data is available; 
5,NYIS,ZONH,2024-11-05 07:13:29.892945+00:00,,2024-11-04 02:00:00,,,,,,,0,refresh,False,True,No new data is available; 
5,NYIS,ZONI,2024-11-05 07:13:29.895023+00:00,,2024-11-04 02:00:00,,,,,,,0,refresh,False,True,No new data is available; 
5,NYIS,ZONJ,2024-11-05 07:13:29.897121+00:00,,2024-11-04 02:00:00,,,,,,,0,refresh,False,True,No new data is available; 
5,NYIS,ZONK,2024-11-05 07:13:29.899284+00:00,,2024-11-04 02:00:00,,,,,,,0,refresh,False,True,No new data is available; 
6,NYIS,ZONA,2024-11-05 08:18:01.940488+00:00,,2024-11-04 02:00:00,,,,,,,0,refresh,False,True,No new data is available; 
6,NYIS,ZONB,2024-11-05 08:18:01.942347+00:00,,2024-11-04 02:00:00,,,,,,,0,refresh,False,True,No new data is available; 
6,NYIS,ZONC,2024-11-05 08:18:01.944807+00:00,,2024-11-04 02:00:00,,,,,,,0,refresh,False,True,No new data is available; 
6,NYIS,ZOND,2024-11-05 08:18:01.947207+00:00,,2024-11-04 02:00:00,,,,,,,0,refresh,False,True,No new data is available; 
6,NYIS,ZONE,2024-11-05 08:18:01.949409+00:00,,2024-11-04 02:00:00,,,,,,,0,refresh,False,True,No new data is available; 
6,NYIS,ZONF,2024-11-05 08:18:01.951737+00:00,,2024-11-04 02:00:00,,,,,,,0,refresh,False,True,No new data is available; 
6,NYIS,ZONG,2024-11-05 08:18:01.953904+00:00,,2024-11-04 02:00:00,,,,,,,0,refresh,False,True,No new data is available; 
6,NYIS,ZONH,2024-11-05 08:18:01.956112+00:00,,2024-11-04 02:00:00,,,,,,,0,refresh,False,True,No new data is available; 
6,NYIS,ZONI,2024-11-05 08:18:01.958653+00:00,,2024-11-04 02:00:00,,,,,,,0,refresh,False,True,No new data is available; 
6,NYIS,ZONJ,2024-11-05 08:18:01.960799+00:00,,2024-11-04 02:00:00,,,,,,,0,refresh,False,True,No new data is available; 
6,NYIS,ZONK,2024-11-05 08:18:01.962907+00:00,,2024-11-04 02:00:00,,,,,,,0,refresh,False,True,No new data is available; 
7,NYIS,ZONA,2024-11-05 09:14:43.716806+00:00,,2024-11-05 02:00:00,,,,,,,0,refresh,False,True,No new data is available; 
7,NYIS,ZONB,2024-11-05 09:14:43.718650+00:00,,2024-11-05 02:00:00,,,,,,,0,refresh,False,True,No new data is available; 
7,NYIS,ZONC,2024-11-05 09:14:43.721175+00:00,,2024-11-05 02:00:00,,,,,,,0,refresh,False,True,No new data is available; 
7,NYIS,ZOND,2024-11-05 09:14:43.723692+00:00,,2024-11-05 02:00:00,,,,,,,0,refresh,False,True,No new data is available; 
7,NYIS,ZONE,2024-11-05 09:14:43.725798+00:00,,2024-11-05 02:00:00,,,,,,,0,refresh,False,True,No new data is available; 
7,NYIS,ZONF,2024-11-05 09:14:43.727901+00:00,,2024-11-05 02:00:00,,,,,,,0,refresh,False,True,No new data is available; 
7,NYIS,ZONG,2024-11-05 09:14:43.730062+00:00,,2024-11-05 02:00:00,,,,,,,0,refresh,False,True,No new data is available; 
7,NYIS,ZONH,2024-11-05 09:14:43.732151+00:00,,2024-11-05 02:00:00,,,,,,,0,refresh,False,True,No new data is available; 
7,NYIS,ZONI,2024-11-05 09:14:43.734230+00:00,,2024-11-05 02:00:00,,,,,,,0,refresh,False,True,No new data is available; 
7,NYIS,ZONJ,2024-11-05 09:14:43.736288+00:00,,2024-11-05 02:00:00,,,,,,,0,refresh,False,True,No new data is available; 
7,NYIS,ZONK,2024-11-05 09:14:43.738332+00:00,,2024-11-05 02:00:00,,,,,,,0,refresh,False,True,No new data is available; 
8,NYIS,ZONA,2024-11-05 10:15:57.067161+00:00,,2024-11-05 02:00:00,,,,,,,0,refresh,False,True,No new data is available; 
8,NYIS,ZONB,2024-11-05 10:15:57.068935+00:00,,2024-11-05 02:00:00,,,,,,,0,refresh,False,True,No new data is available; 
8,NYIS,ZONC,2024-11-05 10:15:57.071304+00:00,,2024-11-05 02:00:00,,,,,,,0,refresh,False,True,No new data is available; 
8,NYIS,ZOND,2024-11-05 10:15:57.073544+00:00,,2024-11-05 02:00:00,,,,,,,0,refresh,False,True,No new data is available; 
8,NYIS,ZONE,2024-11-05 10:15:57.075710+00:00,,2024-11-05 02:00:00,,,,,,,0,refresh,False,True,No new data is available; 
8,NYIS,ZONF,2024-11-05 10:15:57.077878+00:00,,2024-11-05 02:00:00,,,,,,,0,refresh,False,True,No new data is available; 
8,NYIS,ZONG,2024-11-05 10:15:57.080089+00:00,,2024-11-05 02:00:00,,,,,,,0,refresh,False,True,No new data is available; 
8,NYIS,ZONH,2024-11-05 10:15:57.082255+00:00,,2024-11-05 02:00:00,,,,,,,0,refresh,False,True,No new data is available; 
8,NYIS,ZONI,2024-11-05 10:15:57.084406+00:00,,2024-11-05 02:00:00,,,,,,,0,refresh,False,True,No new data is available; 
8,NYIS,ZONJ,2024-11-05 10:15:57.086646+00:00,,2024-11-05 02:00:00,,,,,,,0,refresh,False,True,No new data is available; 
8,NYIS,ZONK,2024-11-05 10:15:57.089170+00:00,,2024-11-05 02:00:00,,,,,,,0,refresh,False,True,No new data is available; 
9,NYIS,ZONA,2024-11-05 11:12:08.669659+00:00,,2024-11-05 02:00:00,,,,,,,0,refresh,False,True,No new data is available; 
9,NYIS,ZONB,2024-11-05 11:12:08.671241+00:00,,2024-11-05 02:00:00,,,,,,,0,refresh,False,True,No new data is available; 
9,NYIS,ZONC,2024-11-05 11:12:08.673733+00:00,,2024-11-05 02:00:00,,,,,,,0,refresh,False,True,No new data is available; 
9,NYIS,ZOND,2024-11-05 11:12:08.676055+00:00,,2024-11-05 02:00:00,,,,,,,0,refresh,False,True,No new data is available; 
9,NYIS,ZONE,2024-11-05 11:12:08.678521+00:00,,2024-11-05 02:00:00,,,,,,,0,refresh,False,True,No new data is available; 
9,NYIS,ZONF,2024-11-05 11:12:08.680923+00:00,,2024-11-05 02:00:00,,,,,,,0,refresh,False,True,No new data is available; 
9,NYIS,ZONG,2024-11-05 11:12:08.683318+00:00,,2024-11-05 02:00:00,,,,,,,0,refresh,False,True,No new data is available; 
9,NYIS,ZONH,2024-11-05 11:12:08.685817+00:00,,2024-11-05 02:00:00,,,,,,,0,refresh,False,True,No new data is available; 
9,NYIS,ZONI,2024-11-05 11:12:08.688200+00:00,,2024-11-05 02:00:00,,,,,,,0,refresh,False,True,No new data is available; 
9,NYIS,ZONJ,2024-11-05 11:12:08.690246+00:00,,2024-11-05 02:00:00,,,,,,,0,refresh,False,True,No new data is available; 
9,NYIS,ZONK,2024-11-05 11:12:08.692351+00:00,,2024-11-05 02:00:00,,,,,,,0,refresh,False,True,No new data is available; 
10,NYIS,ZONA,2024-11-05 12:24:08.631223+00:00,,2024-11-05 02:00:00,,,,,,,0,refresh,False,True,No new data is available; 
10,NYIS,ZONB,2024-11-05 12:24:08.633017+00:00,,2024-11-05 02:00:00,,,,,,,0,refresh,False,True,No new data is available; 
10,NYIS,ZONC,2024-11-05 12:24:08.635545+00:00,,2024-11-05 02:00:00,,,,,,,0,refresh,False,True,No new data is available; 
10,NYIS,ZOND,2024-11-05 12:24:08.638218+00:00,,2024-11-05 02:00:00,,,,,,,0,refresh,False,True,No new data is available; 
10,NYIS,ZONE,2024-11-05 12:24:08.640476+00:00,,2024-11-05 02:00:00,,,,,,,0,refresh,False,True,No new data is available; 
10,NYIS,ZONF,2024-11-05 12:24:08.642837+00:00,,2024-11-05 02:00:00,,,,,,,0,refresh,False,True,No new data is available; 
10,NYIS,ZONG,2024-11-05 12:24:08.645469+00:00,,2024-11-05 02:00:00,,,,,,,0,refresh,False,True,No new data is available; 
10,NYIS,ZONH,2024-11-05 12:24:08.647570+00:00,,2024-11-05 02:00:00,,,,,,,0,refresh,False,True,No new data is available; 
10,NYIS,ZONI,2024-11-05 12:24:08.649617+00:00,,2024-11-05 02:00:00,,,,,,,0,refresh,False,True,No new data is available; 
10,NYIS,ZONJ,2024-11-05 12:24:08.651712+00:00,,2024-11-05 02:00:00,,,,,,,0,refresh,False,True,No new data is available; 
10,NYIS,ZONK,2024-11-05 12:24:08.653801+00:00,,2024-11-05 02:00:00,,,,,,,0,refresh,False,True,No new data is available; 
11,NYIS,ZONA,2024-11-05 13:20:54.776474+00:00,,2024-11-05 02:00:00,,,,,,,0,refresh,False,True,No new data is available; 
11,NYIS,ZONB,2024-11-05 13:20:54.778407+00:00,,2024-11-05 02:00:00,,,,,,,0,refresh,False,True,No new data is available; 
11,NYIS,ZONC,2024-11-05 13:20:54.780916+00:00,,2024-11-05 02:00:00,,,,,,,0,refresh,False,True,No new data is available; 
11,NYIS,ZOND,2024-11-05 13:20:54.783925+00:00,,2024-11-05 02:00:00,,,,,,,0,refresh,False,True,No new data is available; 
11,NYIS,ZONE,2024-11-05 13:20:54.786570+00:00,,2024-11-05 02:00:00,,,,,,,0,refresh,False,True,No new data is available; 
11,NYIS,ZONF,2024-11-05 13:20:54.788869+00:00,,2024-11-05 02:00:00,,,,,,,0,refresh,False,True,No new data is available; 
11,NYIS,ZONG,2024-11-05 13:20:54.791105+00:00,,2024-11-05 02:00:00,,,,,,,0,refresh,False,True,No new data is available; 
11,NYIS,ZONH,2024-11-05 13:20:54.793378+00:00,,2024-11-05 02:00:00,,,,,,,0,refresh,False,True,No new data is available; 
11,NYIS,ZONI,2024-11-05 13:20:54.795598+00:00,,2024-11-05 02:00:00,,,,,,,0,refresh,False,True,No new data is available; 
11,NYIS,ZONJ,2024-11-05 13:20:54.798202+00:00,,2024-11-05 02:00:00,,,,,,,0,refresh,False,True,No new data is available; 
11,NYIS,ZONK,2024-11-05 13:20:54.800371+00:00,,2024-11-05 02:00:00,,,,,,,0,refresh,False,True,No new data is available; 
12,NYIS,ZONA,2024-11-05 14:13:26.554799+00:00,,2024-11-05 02:00:00,,,,,,,0,refresh,False,True,No new data is available; 
12,NYIS,ZONB,2024-11-05 14:13:26.556981+00:00,,2024-11-05 02:00:00,,,,,,,0,refresh,False,True,No new data is available; 
12,NYIS,ZONC,2024-11-05 14:13:26.559205+00:00,,2024-11-05 02:00:00,,,,,,,0,refresh,False,True,No new data is available; 
12,NYIS,ZOND,2024-11-05 14:13:26.561313+00:00,,2024-11-05 02:00:00,,,,,,,0,refresh,False,True,No new data is available; 
12,NYIS,ZONE,2024-11-05 14:13:26.563461+00:00,,2024-11-05 02:00:00,,,,,,,0,refresh,False,True,No new data is available; 
12,NYIS,ZONF,2024-11-05 14:13:26.565620+00:00,,2024-11-05 02:00:00,,,,,,,0,refresh,False,True,No new data is available; 
12,NYIS,ZONG,2024-11-05 14:13:26.567760+00:00,,2024-11-05 02:00:00,,,,,,,0,refresh,False,True,No new data is available; 
12,NYIS,ZONH,2024-11-05 14:13:26.569827+00:00,,2024-11-05 02:00:00,,,,,,,0,refresh,False,True,No new data is available; 
12,NYIS,ZONI,2024-11-05 14:13:26.571927+00:00,,2024-11-05 02:00:00,,,,,,,0,refresh,False,True,No new data is available; 
12,NYIS,ZONJ,2024-11-05 14:13:26.573969+00:00,,2024-11-05 02:00:00,,,,,,,0,refresh,False,True,No new data is available; 
12,NYIS,ZONK,2024-11-05 14:13:26.576055+00:00,,2024-11-05 02:00:00,,,,,,,0,refresh,False,True,No new data is available; 
13,NYIS,ZONA,2024-11-05 15:14:36.321526+00:00,,2024-11-05 02:00:00,,,,,,,0,refresh,False,True,No new data is available; 
13,NYIS,ZONB,2024-11-05 15:14:36.323020+00:00,,2024-11-05 02:00:00,,,,,,,0,refresh,False,True,No new data is available; 
13,NYIS,ZONC,2024-11-05 15:14:36.325403+00:00,,2024-11-05 02:00:00,,,,,,,0,refresh,False,True,No new data is available; 
13,NYIS,ZOND,2024-11-05 15:14:36.327829+00:00,,2024-11-05 02:00:00,,,,,,,0,refresh,False,True,No new data is available; 
13,NYIS,ZONE,2024-11-05 15:14:36.329900+00:00,,2024-11-05 02:00:00,,,,,,,0,refresh,False,True,No new data is available; 
13,NYIS,ZONF,2024-11-05 15:14:36.331971+00:00,,2024-11-05 02:00:00,,,,,,,0,refresh,False,True,No new data is available; 
13,NYIS,ZONG,2024-11-05 15:14:36.334037+00:00,,2024-11-05 02:00:00,,,,,,,0,refresh,False,True,No new data is available; 
13,NYIS,ZONH,2024-11-05 15:14:36.336106+00:00,,2024-11-05 02:00:00,,,,,,,0,refresh,False,True,No new data is available; 
13,NYIS,ZONI,2024-11-05 15:14:36.338178+00:00,,2024-11-05 02:00:00,,,,,,,0,refresh,False,True,No new data is available; 
13,NYIS,ZONJ,2024-11-05 15:14:36.340248+00:00,,2024-11-05 02:00:00,,,,,,,0,refresh,False,True,No new data is available; 
13,NYIS,ZONK,2024-11-05 15:14:36.342316+00:00,,2024-11-05 02:00:00,,,,,,,0,refresh,False,True,No new data is available; 
14,NYIS,ZONA,2024-11-05 16:17:41.167646+00:00,,2024-11-05 02:00:00,,,,,,,0,refresh,False,True,No new data is available; 
14,NYIS,ZONB,2024-11-05 16:17:41.169418+00:00,,2024-11-05 02:00:00,,,,,,,0,refresh,False,True,No new data is available; 
14,NYIS,ZONC,2024-11-05 16:17:41.172029+00:00,,2024-11-05 02:00:00,,,,,,,0,refresh,False,True,No new data is available; 
14,NYIS,ZOND,2024-11-05 16:17:41.174510+00:00,,2024-11-05 02:00:00,,,,,,,0,refresh,False,True,No new data is available; 
14,NYIS,ZONE,2024-11-05 16:17:41.177095+00:00,,2024-11-05 02:00:00,,,,,,,0,refresh,False,True,No new data is available; 
14,NYIS,ZONF,2024-11-05 16:17:41.179533+00:00,,2024-11-05 02:00:00,,,,,,,0,refresh,False,True,No new data is available; 
14,NYIS,ZONG,2024-11-05 16:17:41.181975+00:00,,2024-11-05 02:00:00,,,,,,,0,refresh,False,True,No new data is available; 
14,NYIS,ZONH,2024-11-05 16:17:41.184685+00:00,,2024-11-05 02:00:00,,,,,,,0,refresh,False,True,No new data is available; 
14,NYIS,ZONI,2024-11-05 16:17:41.186776+00:00,,2024-11-05 02:00:00,,,,,,,0,refresh,False,True,No new data is available; 
14,NYIS,ZONJ,2024-11-05 16:17:41.188861+00:00,,2024-11-05 02:00:00,,,,,,,0,refresh,False,True,No new data is available; 
14,NYIS,ZONK,2024-11-05 16:17:41.190930+00:00,,2024-11-05 02:00:00,,,,,,,0,refresh,False,True,No new data is available; 
15,NYIS,ZONA,2024-11-05 17:14:49.406620+00:00,,2024-11-05 02:00:00,,,,,,,0,refresh,False,True,No new data is available; 
15,NYIS,ZONB,2024-11-05 17:14:49.408338+00:00,,2024-11-05 02:00:00,,,,,,,0,refresh,False,True,No new data is available; 
15,NYIS,ZONC,2024-11-05 17:14:49.411120+00:00,,2024-11-05 02:00:00,,,,,,,0,refresh,False,True,No new data is available; 
15,NYIS,ZOND,2024-11-05 17:14:49.413735+00:00,,2024-11-05 02:00:00,,,,,,,0,refresh,False,True,No new data is available; 
15,NYIS,ZONE,2024-11-05 17:14:49.415809+00:00,,2024-11-05 02:00:00,,,,,,,0,refresh,False,True,No new data is available; 
15,NYIS,ZONF,2024-11-05 17:14:49.417846+00:00,,2024-11-05 02:00:00,,,,,,,0,refresh,False,True,No new data is available; 
15,NYIS,ZONG,2024-11-05 17:14:49.419889+00:00,,2024-11-05 02:00:00,,,,,,,0,refresh,False,True,No new data is available; 
15,NYIS,ZONH,2024-11-05 17:14:49.421904+00:00,,2024-11-05 02:00:00,,,,,,,0,refresh,False,True,No new data is available; 
15,NYIS,ZONI,2024-11-05 17:14:49.423959+00:00,,2024-11-05 02:00:00,,,,,,,0,refresh,False,True,No new data is available; 
15,NYIS,ZONJ,2024-11-05 17:14:49.425997+00:00,,2024-11-05 02:00:00,,,,,,,0,refresh,False,True,No new data is available; 
15,NYIS,ZONK,2024-11-05 17:14:49.428068+00:00,,2024-11-05 02:00:00,,,,,,,0,refresh,False,True,No new data is available; 
16,NYIS,ZONA,2024-11-05 18:17:55.743993+00:00,,2024-11-05 02:00:00,,,,,,,0,refresh,False,True,No new data is available; 
16,NYIS,ZONB,2024-11-05 18:17:55.745596+00:00,,2024-11-05 02:00:00,,,,,,,0,refresh,False,True,No new data is available; 
16,NYIS,ZONC,2024-11-05 18:17:55.747886+00:00,,2024-11-05 02:00:00,,,,,,,0,refresh,False,True,No new data is available; 
16,NYIS,ZOND,2024-11-05 18:17:55.750673+00:00,,2024-11-05 02:00:00,,,,,,,0,refresh,False,True,No new data is available; 
16,NYIS,ZONE,2024-11-05 18:17:55.753029+00:00,,2024-11-05 02:00:00,,,,,,,0,refresh,False,True,No new data is available; 
16,NYIS,ZONF,2024-11-05 18:17:55.755127+00:00,,2024-11-05 02:00:00,,,,,,,0,refresh,False,True,No new data is available; 
16,NYIS,ZONG,2024-11-05 18:17:55.757269+00:00,,2024-11-05 02:00:00,,,,,,,0,refresh,False,True,No new data is available; 
16,NYIS,ZONH,2024-11-05 18:17:55.759390+00:00,,2024-11-05 02:00:00,,,,,,,0,refresh,False,True,No new data is available; 
16,NYIS,ZONI,2024-11-05 18:17:55.761507+00:00,,2024-11-05 02:00:00,,,,,,,0,refresh,False,True,No new data is available; 
16,NYIS,ZONJ,2024-11-05 18:17:55.763625+00:00,,2024-11-05 02:00:00,,,,,,,0,refresh,False,True,No new data is available; 
16,NYIS,ZONK,2024-11-05 18:17:55.765748+00:00,,2024-11-05 02:00:00,,,,,,,0,refresh,False,True,No new data is available; 
17,NYIS,ZONA,2024-11-05 19:12:09.666775+00:00,,2024-11-05 02:00:00,,,,,,,0,refresh,False,True,No new data is available; 
17,NYIS,ZONB,2024-11-05 19:12:09.668731+00:00,,2024-11-05 02:00:00,,,,,,,0,refresh,False,True,No new data is available; 
17,NYIS,ZONC,2024-11-05 19:12:09.671448+00:00,,2024-11-05 02:00:00,,,,,,,0,refresh,False,True,No new data is available; 
17,NYIS,ZOND,2024-11-05 19:12:09.673967+00:00,,2024-11-05 02:00:00,,,,,,,0,refresh,False,True,No new data is available; 
17,NYIS,ZONE,2024-11-05 19:12:09.676600+00:00,,2024-11-05 02:00:00,,,,,,,0,refresh,False,True,No new data is available; 
17,NYIS,ZONF,2024-11-05 19:12:09.678737+00:00,,2024-11-05 02:00:00,,,,,,,0,refresh,False,True,No new data is available; 
17,NYIS,ZONG,2024-11-05 19:12:09.680868+00:00,,2024-11-05 02:00:00,,,,,,,0,refresh,False,True,No new data is available; 
17,NYIS,ZONH,2024-11-05 19:12:09.683023+00:00,,2024-11-05 02:00:00,,,,,,,0,refresh,False,True,No new data is available; 
17,NYIS,ZONI,2024-11-05 19:12:09.685149+00:00,,2024-11-05 02:00:00,,,,,,,0,refresh,False,True,No new data is available; 
17,NYIS,ZONJ,2024-11-05 19:12:09.687302+00:00,,2024-11-05 02:00:00,,,,,,,0,refresh,False,True,No new data is available; 
17,NYIS,ZONK,2024-11-05 19:12:09.689431+00:00,,2024-11-05 02:00:00,,,,,,,0,refresh,False,True,No new data is available; 
18,NYIS,ZONA,2024-11-05 20:16:03.042153+00:00,,2024-11-05 02:00:00,,,,,,,0,refresh,False,True,No new data is available; 
18,NYIS,ZONB,2024-11-05 20:16:03.043904+00:00,,2024-11-05 02:00:00,,,,,,,0,refresh,False,True,No new data is available; 
18,NYIS,ZONC,2024-11-05 20:16:03.046573+00:00,,2024-11-05 02:00:00,,,,,,,0,refresh,False,True,No new data is available; 
18,NYIS,ZOND,2024-11-05 20:16:03.049251+00:00,,2024-11-05 02:00:00,,,,,,,0,refresh,False,True,No new data is available; 
18,NYIS,ZONE,2024-11-05 20:16:03.051354+00:00,,2024-11-05 02:00:00,,,,,,,0,refresh,False,True,No new data is available; 
18,NYIS,ZONF,2024-11-05 20:16:03.053499+00:00,,2024-11-05 02:00:00,,,,,,,0,refresh,False,True,No new data is available; 
18,NYIS,ZONG,2024-11-05 20:16:03.055604+00:00,,2024-11-05 02:00:00,,,,,,,0,refresh,False,True,No new data is available; 
18,NYIS,ZONH,2024-11-05 20:16:03.057761+00:00,,2024-11-05 02:00:00,,,,,,,0,refresh,False,True,No new data is available; 
18,NYIS,ZONI,2024-11-05 20:16:03.059895+00:00,,2024-11-05 02:00:00,,,,,,,0,refresh,False,True,No new data is available; 
18,NYIS,ZONJ,2024-11-05 20:16:03.062049+00:00,,2024-11-05 02:00:00,,,,,,,0,refresh,False,True,No new data is available; 
18,NYIS,ZONK,2024-11-05 20:16:03.064202+00:00,,2024-11-05 02:00:00,,,,,,,0,refresh,False,True,No new data is available; 
19,NYIS,ZONA,2024-11-05 21:13:15.594788+00:00,,2024-11-05 02:00:00,,,,,,,0,refresh,False,True,No new data is available; 
19,NYIS,ZONB,2024-11-05 21:13:15.596407+00:00,,2024-11-05 02:00:00,,,,,,,0,refresh,False,True,No new data is available; 
19,NYIS,ZONC,2024-11-05 21:13:15.598740+00:00,,2024-11-05 02:00:00,,,,,,,0,refresh,False,True,No new data is available; 
19,NYIS,ZOND,2024-11-05 21:13:15.601034+00:00,,2024-11-05 02:00:00,,,,,,,0,refresh,False,True,No new data is available; 
19,NYIS,ZONE,2024-11-05 21:13:15.603507+00:00,,2024-11-05 02:00:00,,,,,,,0,refresh,False,True,No new data is available; 
19,NYIS,ZONF,2024-11-05 21:13:15.605550+00:00,,2024-11-05 02:00:00,,,,,,,0,refresh,False,True,No new data is available; 
19,NYIS,ZONG,2024-11-05 21:13:15.607639+00:00,,2024-11-05 02:00:00,,,,,,,0,refresh,False,True,No new data is available; 
19,NYIS,ZONH,2024-11-05 21:13:15.609684+00:00,,2024-11-05 02:00:00,,,,,,,0,refresh,False,True,No new data is available; 
19,NYIS,ZONI,2024-11-05 21:13:15.611742+00:00,,2024-11-05 02:00:00,,,,,,,0,refresh,False,True,No new data is available; 
19,NYIS,ZONJ,2024-11-05 21:13:15.613767+00:00,,2024-11-05 02:00:00,,,,,,,0,refresh,False,True,No new data is available; 
19,NYIS,ZONK,2024-11-05 21:13:15.615929+00:00,,2024-11-05 02:00:00,,,,,,,0,refresh,False,True,No new data is available; 
20,NYIS,ZONA,2024-11-05 22:13:51.342465+00:00,,2024-11-05 02:00:00,,,,,,,0,refresh,False,True,No new data is available; 
20,NYIS,ZONB,2024-11-05 22:13:51.343996+00:00,,2024-11-05 02:00:00,,,,,,,0,refresh,False,True,No new data is available; 
20,NYIS,ZONC,2024-11-05 22:13:51.346271+00:00,,2024-11-05 02:00:00,,,,,,,0,refresh,False,True,No new data is available; 
20,NYIS,ZOND,2024-11-05 22:13:51.348573+00:00,,2024-11-05 02:00:00,,,,,,,0,refresh,False,True,No new data is available; 
20,NYIS,ZONE,2024-11-05 22:13:51.351012+00:00,,2024-11-05 02:00:00,,,,,,,0,refresh,False,True,No new data is available; 
20,NYIS,ZONF,2024-11-05 22:13:51.353109+00:00,,2024-11-05 02:00:00,,,,,,,0,refresh,False,True,No new data is available; 
20,NYIS,ZONG,2024-11-05 22:13:51.355173+00:00,,2024-11-05 02:00:00,,,,,,,0,refresh,False,True,No new data is available; 
20,NYIS,ZONH,2024-11-05 22:13:51.357279+00:00,,2024-11-05 02:00:00,,,,,,,0,refresh,False,True,No new data is available; 
20,NYIS,ZONI,2024-11-05 22:13:51.359355+00:00,,2024-11-05 02:00:00,,,,,,,0,refresh,False,True,No new data is available; 
20,NYIS,ZONJ,2024-11-05 22:13:51.361467+00:00,,2024-11-05 02:00:00,,,,,,,0,refresh,False,True,No new data is available; 
20,NYIS,ZONK,2024-11-05 22:13:51.363565+00:00,,2024-11-05 02:00:00,,,,,,,0,refresh,False,True,No new data is available; 
21,NYIS,ZONA,2024-11-05 23:15:14.764800+00:00,,2024-11-05 02:00:00,,,,,,,0,refresh,False,True,No new data is available; 
21,NYIS,ZONB,2024-11-05 23:15:14.766421+00:00,,2024-11-05 02:00:00,,,,,,,0,refresh,False,True,No new data is available; 
21,NYIS,ZONC,2024-11-05 23:15:14.768905+00:00,,2024-11-05 02:00:00,,,,,,,0,refresh,False,True,No new data is available; 
21,NYIS,ZOND,2024-11-05 23:15:14.771310+00:00,,2024-11-05 02:00:00,,,,,,,0,refresh,False,True,No new data is available; 
21,NYIS,ZONE,2024-11-05 23:15:14.773733+00:00,,2024-11-05 02:00:00,,,,,,,0,refresh,False,True,No new data is available; 
21,NYIS,ZONF,2024-11-05 23:15:14.776191+00:00,,2024-11-05 02:00:00,,,,,,,0,refresh,False,True,No new data is available; 
21,NYIS,ZONG,2024-11-05 23:15:14.778605+00:00,,2024-11-05 02:00:00,,,,,,,0,refresh,False,True,No new data is available; 
21,NYIS,ZONH,2024-11-05 23:15:14.781308+00:00,,2024-11-05 02:00:00,,,,,,,0,refresh,False,True,No new data is available; 
21,NYIS,ZONI,2024-11-05 23:15:14.783410+00:00,,2024-11-05 02:00:00,,,,,,,0,refresh,False,True,No new data is available; 
21,NYIS,ZONJ,2024-11-05 23:15:14.785570+00:00,,2024-11-05 02:00:00,,,,,,,0,refresh,False,True,No new data is available; 
21,NYIS,ZONK,2024-11-05 23:15:14.787659+00:00,,2024-11-05 02:00:00,,,,,,,0,refresh,False,True,No new data is available; 
22,NYIS,ZONA,2024-11-06 01:00:52.344497+00:00,,2024-11-05 02:00:00,,,,,,,0,refresh,False,True,No new data is available; 
22,NYIS,ZONB,2024-11-06 01:00:52.346500+00:00,,2024-11-05 02:00:00,,,,,,,0,refresh,False,True,No new data is available; 
22,NYIS,ZONC,2024-11-06 01:00:52.348936+00:00,,2024-11-05 02:00:00,,,,,,,0,refresh,False,True,No new data is available; 
22,NYIS,ZOND,2024-11-06 01:00:52.351350+00:00,,2024-11-05 02:00:00,,,,,,,0,refresh,False,True,No new data is available; 
22,NYIS,ZONE,2024-11-06 01:00:52.353920+00:00,,2024-11-05 02:00:00,,,,,,,0,refresh,False,True,No new data is available; 
22,NYIS,ZONF,2024-11-06 01:00:52.356177+00:00,,2024-11-05 02:00:00,,,,,,,0,refresh,False,True,No new data is available; 
22,NYIS,ZONG,2024-11-06 01:00:52.358298+00:00,,2024-11-05 02:00:00,,,,,,,0,refresh,False,True,No new data is available; 
22,NYIS,ZONH,2024-11-06 01:00:52.360494+00:00,,2024-11-05 02:00:00,,,,,,,0,refresh,False,True,No new data is available; 
22,NYIS,ZONI,2024-11-06 01:00:52.362612+00:00,,2024-11-05 02:00:00,,,,,,,0,refresh,False,True,No new data is available; 
22,NYIS,ZONJ,2024-11-06 01:00:52.364845+00:00,,2024-11-05 02:00:00,,,,,,,0,refresh,False,True,No new data is available; 
22,NYIS,ZONK,2024-11-06 01:00:52.367130+00:00,,2024-11-05 02:00:00,,,,,,,0,refresh,False,True,No new data is available; 
23,NYIS,ZONA,2024-11-06 02:17:33.070254+00:00,,2024-11-05 02:00:00,,,,,,,0,refresh,False,True,No new data is available; 
23,NYIS,ZONB,2024-11-06 02:17:33.071765+00:00,,2024-11-05 02:00:00,,,,,,,0,refresh,False,True,No new data is available; 
23,NYIS,ZONC,2024-11-06 02:17:33.074022+00:00,,2024-11-05 02:00:00,,,,,,,0,refresh,False,True,No new data is available; 
23,NYIS,ZOND,2024-11-06 02:17:33.076265+00:00,,2024-11-05 02:00:00,,,,,,,0,refresh,False,True,No new data is available; 
23,NYIS,ZONE,2024-11-06 02:17:33.078553+00:00,,2024-11-05 02:00:00,,,,,,,0,refresh,False,True,No new data is available; 
23,NYIS,ZONF,2024-11-06 02:17:33.080952+00:00,,2024-11-05 02:00:00,,,,,,,0,refresh,False,True,No new data is available; 
23,NYIS,ZONG,2024-11-06 02:17:33.083007+00:00,,2024-11-05 02:00:00,,,,,,,0,refresh,False,True,No new data is available; 
23,NYIS,ZONH,2024-11-06 02:17:33.085091+00:00,,2024-11-05 02:00:00,,,,,,,0,refresh,False,True,No new data is available; 
23,NYIS,ZONI,2024-11-06 02:17:33.087158+00:00,,2024-11-05 02:00:00,,,,,,,0,refresh,False,True,No new data is available; 
23,NYIS,ZONJ,2024-11-06 02:17:33.089254+00:00,,2024-11-05 02:00:00,,,,,,,0,refresh,False,True,No new data is available; 
23,NYIS,ZONK,2024-11-06 02:17:33.091314+00:00,,2024-11-05 02:00:00,,,,,,,0,refresh,False,True,No new data is available; 
24,NYIS,ZONA,2024-11-06 03:17:09.827251+00:00,,2024-11-05 02:00:00,,,,,,,0,refresh,False,True,No new data is available; 
24,NYIS,ZONB,2024-11-06 03:17:09.828743+00:00,,2024-11-05 02:00:00,,,,,,,0,refresh,False,True,No new data is available; 
24,NYIS,ZONC,2024-11-06 03:17:09.831047+00:00,,2024-11-05 02:00:00,,,,,,,0,refresh,False,True,No new data is available; 
24,NYIS,ZOND,2024-11-06 03:17:09.833197+00:00,,2024-11-05 02:00:00,,,,,,,0,refresh,False,True,No new data is available; 
24,NYIS,ZONE,2024-11-06 03:17:09.835420+00:00,,2024-11-05 02:00:00,,,,,,,0,refresh,False,True,No new data is available; 
24,NYIS,ZONF,2024-11-06 03:17:09.837628+00:00,,2024-11-05 02:00:00,,,,,,,0,refresh,False,True,No new data is available; 
24,NYIS,ZONG,2024-11-06 03:17:09.839823+00:00,,2024-11-05 02:00:00,,,,,,,0,refresh,False,True,No new data is available; 
24,NYIS,ZONH,2024-11-06 03:17:09.842241+00:00,,2024-11-05 02:00:00,,,,,,,0,refresh,False,True,No new data is available; 
24,NYIS,ZONI,2024-11-06 03:17:09.844300+00:00,,2024-11-05 02:00:00,,,,,,,0,refresh,False,True,No new data is available; 
24,NYIS,ZONJ,2024-11-06 03:17:09.846398+00:00,,2024-11-05 02:00:00,,,,,,,0,refresh,False,True,No new data is available; 
24,NYIS,ZONK,2024-11-06 03:17:09.848466+00:00,,2024-11-05 02:00:00,,,,,,,0,refresh,False,True,No new data is available; 
25,NYIS,ZONA,2024-11-06 04:17:38.987374+00:00,,2024-11-05 02:00:00,,,,,,,0,refresh,False,True,No new data is available; 
25,NYIS,ZONB,2024-11-06 04:17:38.988961+00:00,,2024-11-05 02:00:00,,,,,,,0,refresh,False,True,No new data is available; 
25,NYIS,ZONC,2024-11-06 04:17:38.991674+00:00,,2024-11-05 02:00:00,,,,,,,0,refresh,False,True,No new data is available; 
25,NYIS,ZOND,2024-11-06 04:17:38.994021+00:00,,2024-11-05 02:00:00,,,,,,,0,refresh,False,True,No new data is available; 
25,NYIS,ZONE,2024-11-06 04:17:38.996520+00:00,,2024-11-05 02:00:00,,,,,,,0,refresh,False,True,No new data is available; 
25,NYIS,ZONF,2024-11-06 04:17:38.998589+00:00,,2024-11-05 02:00:00,,,,,,,0,refresh,False,True,No new data is available; 
25,NYIS,ZONG,2024-11-06 04:17:39.000618+00:00,,2024-11-05 02:00:00,,,,,,,0,refresh,False,True,No new data is available; 
25,NYIS,ZONH,2024-11-06 04:17:39.002688+00:00,,2024-11-05 02:00:00,,,,,,,0,refresh,False,True,No new data is available; 
25,NYIS,ZONI,2024-11-06 04:17:39.004703+00:00,,2024-11-05 02:00:00,,,,,,,0,refresh,False,True,No new data is available; 
25,NYIS,ZONJ,2024-11-06 04:17:39.006788+00:00,,2024-11-05 02:00:00,,,,,,,0,refresh,False,True,No new data is available; 
25,NYIS,ZONK,2024-11-06 04:17:39.008826+00:00,,2024-11-05 02:00:00,,,,,,,0,refresh,False,True,No new data is available; 
26,NYIS,ZONA,2024-11-06 05:14:11.187091+00:00,,2024-11-05 02:00:00,,,,,,,0,refresh,False,True,No new data is available; 
26,NYIS,ZONB,2024-11-06 05:14:11.188768+00:00,,2024-11-05 02:00:00,,,,,,,0,refresh,False,True,No new data is available; 
26,NYIS,ZONC,2024-11-06 05:14:11.191355+00:00,,2024-11-05 02:00:00,,,,,,,0,refresh,False,True,No new data is available; 
26,NYIS,ZOND,2024-11-06 05:14:11.193841+00:00,,2024-11-05 02:00:00,,,,,,,0,refresh,False,True,No new data is available; 
26,NYIS,ZONE,2024-11-06 05:14:11.196369+00:00,,2024-11-05 02:00:00,,,,,,,0,refresh,False,True,No new data is available; 
26,NYIS,ZONF,2024-11-06 05:14:11.198415+00:00,,2024-11-05 02:00:00,,,,,,,0,refresh,False,True,No new data is available; 
26,NYIS,ZONG,2024-11-06 05:14:11.200494+00:00,,2024-11-05 02:00:00,,,,,,,0,refresh,False,True,No new data is available; 
26,NYIS,ZONH,2024-11-06 05:14:11.202513+00:00,,2024-11-05 02:00:00,,,,,,,0,refresh,False,True,No new data is available; 
26,NYIS,ZONI,2024-11-06 05:14:11.204591+00:00,,2024-11-05 02:00:00,,,,,,,0,refresh,False,True,No new data is available; 
26,NYIS,ZONJ,2024-11-06 05:14:11.206679+00:00,,2024-11-05 02:00:00,,,,,,,0,refresh,False,True,No new data is available; 
26,NYIS,ZONK,2024-11-06 05:14:11.208777+00:00,,2024-11-05 02:00:00,,,,,,,0,refresh,False,True,No new data is available; 
27,NYIS,ZONA,2024-11-06 06:19:25.777661+00:00,,2024-11-05 02:00:00,,,,,,,0,refresh,False,True,No new data is available; 
27,NYIS,ZONB,2024-11-06 06:19:25.779152+00:00,,2024-11-05 02:00:00,,,,,,,0,refresh,False,True,No new data is available; 
27,NYIS,ZONC,2024-11-06 06:19:25.781370+00:00,,2024-11-05 02:00:00,,,,,,,0,refresh,False,True,No new data is available; 
27,NYIS,ZOND,2024-11-06 06:19:25.783595+00:00,,2024-11-05 02:00:00,,,,,,,0,refresh,False,True,No new data is available; 
27,NYIS,ZONE,2024-11-06 06:19:25.785733+00:00,,2024-11-05 02:00:00,,,,,,,0,refresh,False,True,No new data is available; 
27,NYIS,ZONF,2024-11-06 06:19:25.787942+00:00,,2024-11-05 02:00:00,,,,,,,0,refresh,False,True,No new data is available; 
27,NYIS,ZONG,2024-11-06 06:19:25.790083+00:00,,2024-11-05 02:00:00,,,,,,,0,refresh,False,True,No new data is available; 
27,NYIS,ZONH,2024-11-06 06:19:25.792218+00:00,,2024-11-05 02:00:00,,,,,,,0,refresh,False,True,No new data is available; 
27,NYIS,ZONI,2024-11-06 06:19:25.794424+00:00,,2024-11-05 02:00:00,,,,,,,0,refresh,False,True,No new data is available; 
27,NYIS,ZONJ,2024-11-06 06:19:25.796801+00:00,,2024-11-05 02:00:00,,,,,,,0,refresh,False,True,No new data is available; 
27,NYIS,ZONK,2024-11-06 06:19:25.798902+00:00,,2024-11-05 02:00:00,,,,,,,0,refresh,False,True,No new data is available; 
28,NYIS,ZONA,2024-11-06 07:13:52.290840+00:00,,2024-11-05 02:00:00,,,,,,,0,refresh,False,True,No new data is available; 
28,NYIS,ZONB,2024-11-06 07:13:52.292330+00:00,,2024-11-05 02:00:00,,,,,,,0,refresh,False,True,No new data is available; 
28,NYIS,ZONC,2024-11-06 07:13:52.294662+00:00,,2024-11-05 02:00:00,,,,,,,0,refresh,False,True,No new data is available; 
28,NYIS,ZOND,2024-11-06 07:13:52.296879+00:00,,2024-11-05 02:00:00,,,,,,,0,refresh,False,True,No new data is available; 
28,NYIS,ZONE,2024-11-06 07:13:52.299330+00:00,,2024-11-05 02:00:00,,,,,,,0,refresh,False,True,No new data is available; 
28,NYIS,ZONF,2024-11-06 07:13:52.301383+00:00,,2024-11-05 02:00:00,,,,,,,0,refresh,False,True,No new data is available; 
28,NYIS,ZONG,2024-11-06 07:13:52.303468+00:00,,2024-11-05 02:00:00,,,,,,,0,refresh,False,True,No new data is available; 
28,NYIS,ZONH,2024-11-06 07:13:52.305577+00:00,,2024-11-05 02:00:00,,,,,,,0,refresh,False,True,No new data is available; 
28,NYIS,ZONI,2024-11-06 07:13:52.307643+00:00,,2024-11-05 02:00:00,,,,,,,0,refresh,False,True,No new data is available; 
28,NYIS,ZONJ,2024-11-06 07:13:52.309772+00:00,,2024-11-05 02:00:00,,,,,,,0,refresh,False,True,No new data is available; 
28,NYIS,ZONK,2024-11-06 07:13:52.311832+00:00,,2024-11-05 02:00:00,,,,,,,0,refresh,False,True,No new data is available; 
29,NYIS,ZONA,2024-11-06 08:18:21.589771+00:00,,2024-11-05 02:00:00,,,,,,,0,refresh,False,True,No new data is available; 
29,NYIS,ZONB,2024-11-06 08:18:21.591253+00:00,,2024-11-05 02:00:00,,,,,,,0,refresh,False,True,No new data is available; 
29,NYIS,ZONC,2024-11-06 08:18:21.593766+00:00,,2024-11-05 02:00:00,,,,,,,0,refresh,False,True,No new data is available; 
29,NYIS,ZOND,2024-11-06 08:18:21.596064+00:00,,2024-11-05 02:00:00,,,,,,,0,refresh,False,True,No new data is available; 
29,NYIS,ZONE,2024-11-06 08:18:21.598270+00:00,,2024-11-05 02:00:00,,,,,,,0,refresh,False,True,No new data is available; 
29,NYIS,ZONF,2024-11-06 08:18:21.600879+00:00,,2024-11-05 02:00:00,,,,,,,0,refresh,False,True,No new data is available; 
29,NYIS,ZONG,2024-11-06 08:18:21.602944+00:00,,2024-11-05 02:00:00,,,,,,,0,refresh,False,True,No new data is available; 
29,NYIS,ZONH,2024-11-06 08:18:21.605013+00:00,,2024-11-05 02:00:00,,,,,,,0,refresh,False,True,No new data is available; 
29,NYIS,ZONI,2024-11-06 08:18:21.607039+00:00,,2024-11-05 02:00:00,,,,,,,0,refresh,False,True,No new data is available; 
29,NYIS,ZONJ,2024-11-06 08:18:21.609134+00:00,,2024-11-05 02:00:00,,,,,,,0,refresh,False,True,No new data is available; 
29,NYIS,ZONK,2024-11-06 08:18:21.611190+00:00,,2024-11-05 02:00:00,,,,,,,0,refresh,False,True,No new data is available; 
30,NYIS,ZONA,2024-11-06 09:15:20.527206+00:00,,2024-11-06 02:00:00,,,,,,,0,refresh,False,True,No new data is available; 
30,NYIS,ZONB,2024-11-06 09:15:20.528743+00:00,,2024-11-06 02:00:00,,,,,,,0,refresh,False,True,No new data is available; 
30,NYIS,ZONC,2024-11-06 09:15:20.531363+00:00,,2024-11-06 02:00:00,,,,,,,0,refresh,False,True,No new data is available; 
30,NYIS,ZOND,2024-11-06 09:15:20.533584+00:00,,2024-11-06 02:00:00,,,,,,,0,refresh,False,True,No new data is available; 
30,NYIS,ZONE,2024-11-06 09:15:20.535956+00:00,,2024-11-06 02:00:00,,,,,,,0,refresh,False,True,No new data is available; 
30,NYIS,ZONF,2024-11-06 09:15:20.538045+00:00,,2024-11-06 02:00:00,,,,,,,0,refresh,False,True,No new data is available; 
30,NYIS,ZONG,2024-11-06 09:15:20.540168+00:00,,2024-11-06 02:00:00,,,,,,,0,refresh,False,True,No new data is available; 
30,NYIS,ZONH,2024-11-06 09:15:20.542237+00:00,,2024-11-06 02:00:00,,,,,,,0,refresh,False,True,No new data is available; 
30,NYIS,ZONI,2024-11-06 09:15:20.544389+00:00,,2024-11-06 02:00:00,,,,,,,0,refresh,False,True,No new data is available; 
30,NYIS,ZONJ,2024-11-06 09:15:20.546525+00:00,,2024-11-06 02:00:00,,,,,,,0,refresh,False,True,No new data is available; 
30,NYIS,ZONK,2024-11-06 09:15:20.548693+00:00,,2024-11-06 02:00:00,,,,,,,0,refresh,False,True,No new data is available; 
31,NYIS,ZONA,2024-11-06 10:14:59.116117+00:00,,2024-11-06 02:00:00,,,,,,,0,refresh,False,True,No new data is available; 
31,NYIS,ZONB,2024-11-06 10:14:59.117812+00:00,,2024-11-06 02:00:00,,,,,,,0,refresh,False,True,No new data is available; 
31,NYIS,ZONC,2024-11-06 10:14:59.120117+00:00,,2024-11-06 02:00:00,,,,,,,0,refresh,False,True,No new data is available; 
31,NYIS,ZOND,2024-11-06 10:14:59.122262+00:00,,2024-11-06 02:00:00,,,,,,,0,refresh,False,True,No new data is available; 
31,NYIS,ZONE,2024-11-06 10:14:59.124682+00:00,,2024-11-06 02:00:00,,,,,,,0,refresh,False,True,No new data is available; 
31,NYIS,ZONF,2024-11-06 10:14:59.127098+00:00,,2024-11-06 02:00:00,,,,,,,0,refresh,False,True,No new data is available; 
31,NYIS,ZONG,2024-11-06 10:14:59.129484+00:00,,2024-11-06 02:00:00,,,,,,,0,refresh,False,True,No new data is available; 
31,NYIS,ZONH,2024-11-06 10:14:59.131861+00:00,,2024-11-06 02:00:00,,,,,,,0,refresh,False,True,No new data is available; 
31,NYIS,ZONI,2024-11-06 10:14:59.134543+00:00,,2024-11-06 02:00:00,,,,,,,0,refresh,False,True,No new data is available; 
31,NYIS,ZONJ,2024-11-06 10:14:59.136666+00:00,,2024-11-06 02:00:00,,,,,,,0,refresh,False,True,No new data is available; 
31,NYIS,ZONK,2024-11-06 10:14:59.138751+00:00,,2024-11-06 02:00:00,,,,,,,0,refresh,False,True,No new data is available; 
32,NYIS,ZONA,2024-11-06 11:12:06.256871+00:00,,2024-11-06 02:00:00,,,,,,,0,refresh,False,True,No new data is available; 
32,NYIS,ZONB,2024-11-06 11:12:06.258364+00:00,,2024-11-06 02:00:00,,,,,,,0,refresh,False,True,No new data is available; 
32,NYIS,ZONC,2024-11-06 11:12:06.260876+00:00,,2024-11-06 02:00:00,,,,,,,0,refresh,False,True,No new data is available; 
32,NYIS,ZOND,2024-11-06 11:12:06.263035+00:00,,2024-11-06 02:00:00,,,,,,,0,refresh,False,True,No new data is available; 
32,NYIS,ZONE,2024-11-06 11:12:06.265232+00:00,,2024-11-06 02:00:00,,,,,,,0,refresh,False,True,No new data is available; 
32,NYIS,ZONF,2024-11-06 11:12:06.267813+00:00,,2024-11-06 02:00:00,,,,,,,0,refresh,False,True,No new data is available; 
32,NYIS,ZONG,2024-11-06 11:12:06.269911+00:00,,2024-11-06 02:00:00,,,,,,,0,refresh,False,True,No new data is available; 
32,NYIS,ZONH,2024-11-06 11:12:06.272014+00:00,,2024-11-06 02:00:00,,,,,,,0,refresh,False,True,No new data is available; 
32,NYIS,ZONI,2024-11-06 11:12:06.274071+00:00,,2024-11-06 02:00:00,,,,,,,0,refresh,False,True,No new data is available; 
32,NYIS,ZONJ,2024-11-06 11:12:06.276207+00:00,,2024-11-06 02:00:00,,,,,,,0,refresh,False,True,No new data is available; 
32,NYIS,ZONK,2024-11-06 11:12:06.278283+00:00,,2024-11-06 02:00:00,,,,,,,0,refresh,False,True,No new data is available; 
33,NYIS,ZONA,2024-11-06 12:25:22.360893+00:00,,2024-11-06 02:00:00,,,,,,,0,refresh,False,True,No new data is available; 
33,NYIS,ZONB,2024-11-06 12:25:22.362393+00:00,,2024-11-06 02:00:00,,,,,,,0,refresh,False,True,No new data is available; 
33,NYIS,ZONC,2024-11-06 12:25:22.364682+00:00,,2024-11-06 02:00:00,,,,,,,0,refresh,False,True,No new data is available; 
33,NYIS,ZOND,2024-11-06 12:25:22.366834+00:00,,2024-11-06 02:00:00,,,,,,,0,refresh,False,True,No new data is available; 
33,NYIS,ZONE,2024-11-06 12:25:22.368988+00:00,,2024-11-06 02:00:00,,,,,,,0,refresh,False,True,No new data is available; 
33,NYIS,ZONF,2024-11-06 12:25:22.371235+00:00,,2024-11-06 02:00:00,,,,,,,0,refresh,False,True,No new data is available; 
33,NYIS,ZONG,2024-11-06 12:25:22.373492+00:00,,2024-11-06 02:00:00,,,,,,,0,refresh,False,True,No new data is available; 
33,NYIS,ZONH,2024-11-06 12:25:22.375887+00:00,,2024-11-06 02:00:00,,,,,,,0,refresh,False,True,No new data is available; 
33,NYIS,ZONI,2024-11-06 12:25:22.377973+00:00,,2024-11-06 02:00:00,,,,,,,0,refresh,False,True,No new data is available; 
33,NYIS,ZONJ,2024-11-06 12:25:22.380050+00:00,,2024-11-06 02:00:00,,,,,,,0,refresh,False,True,No new data is available; 
33,NYIS,ZONK,2024-11-06 12:25:22.382150+00:00,,2024-11-06 02:00:00,,,,,,,0,refresh,False,True,No new data is available; 
34,NYIS,ZONA,2024-11-06 13:21:07.359373+00:00,,2024-11-06 02:00:00,,,,,,,0,refresh,False,True,No new data is available; 
34,NYIS,ZONB,2024-11-06 13:21:07.361148+00:00,,2024-11-06 02:00:00,,,,,,,0,refresh,False,True,No new data is available; 
34,NYIS,ZONC,2024-11-06 13:21:07.363660+00:00,,2024-11-06 02:00:00,,,,,,,0,refresh,False,True,No new data is available; 
34,NYIS,ZOND,2024-11-06 13:21:07.366285+00:00,,2024-11-06 02:00:00,,,,,,,0,refresh,False,True,No new data is available; 
34,NYIS,ZONE,2024-11-06 13:21:07.368348+00:00,,2024-11-06 02:00:00,,,,,,,0,refresh,False,True,No new data is available; 
34,NYIS,ZONF,2024-11-06 13:21:07.370436+00:00,,2024-11-06 02:00:00,,,,,,,0,refresh,False,True,No new data is available; 
34,NYIS,ZONG,2024-11-06 13:21:07.372480+00:00,,2024-11-06 02:00:00,,,,,,,0,refresh,False,True,No new data is available; 
34,NYIS,ZONH,2024-11-06 13:21:07.374556+00:00,,2024-11-06 02:00:00,,,,,,,0,refresh,False,True,No new data is available; 
34,NYIS,ZONI,2024-11-06 13:21:07.376599+00:00,,2024-11-06 02:00:00,,,,,,,0,refresh,False,True,No new data is available; 
34,NYIS,ZONJ,2024-11-06 13:21:07.378670+00:00,,2024-11-06 02:00:00,,,,,,,0,refresh,False,True,No new data is available; 
34,NYIS,ZONK,2024-11-06 13:21:07.380718+00:00,,2024-11-06 02:00:00,,,,,,,0,refresh,False,True,No new data is available; 
35,NYIS,ZONA,2024-11-06 14:13:20.696231+00:00,,2024-11-06 02:00:00,,,,,,,0,refresh,False,True,No new data is available; 
35,NYIS,ZONB,2024-11-06 14:13:20.697833+00:00,,2024-11-06 02:00:00,,,,,,,0,refresh,False,True,No new data is available; 
35,NYIS,ZONC,2024-11-06 14:13:20.700183+00:00,,2024-11-06 02:00:00,,,,,,,0,refresh,False,True,No new data is available; 
35,NYIS,ZOND,2024-11-06 14:13:20.702468+00:00,,2024-11-06 02:00:00,,,,,,,0,refresh,False,True,No new data is available; 
35,NYIS,ZONE,2024-11-06 14:13:20.704844+00:00,,2024-11-06 02:00:00,,,,,,,0,refresh,False,True,No new data is available; 
35,NYIS,ZONF,2024-11-06 14:13:20.706911+00:00,,2024-11-06 02:00:00,,,,,,,0,refresh,False,True,No new data is available; 
35,NYIS,ZONG,2024-11-06 14:13:20.708934+00:00,,2024-11-06 02:00:00,,,,,,,0,refresh,False,True,No new data is available; 
35,NYIS,ZONH,2024-11-06 14:13:20.710980+00:00,,2024-11-06 02:00:00,,,,,,,0,refresh,False,True,No new data is available; 
35,NYIS,ZONI,2024-11-06 14:13:20.713009+00:00,,2024-11-06 02:00:00,,,,,,,0,refresh,False,True,No new data is available; 
35,NYIS,ZONJ,2024-11-06 14:13:20.715075+00:00,,2024-11-06 02:00:00,,,,,,,0,refresh,False,True,No new data is available; 
35,NYIS,ZONK,2024-11-06 14:13:20.717121+00:00,,2024-11-06 02:00:00,,,,,,,0,refresh,False,True,No new data is available; 
36,NYIS,ZONA,2024-11-06 15:14:55.178796+00:00,,2024-11-06 02:00:00,,,,,,,0,refresh,False,True,No new data is available; 
36,NYIS,ZONB,2024-11-06 15:14:55.180776+00:00,,2024-11-06 02:00:00,,,,,,,0,refresh,False,True,No new data is available; 
36,NYIS,ZONC,2024-11-06 15:14:55.183674+00:00,,2024-11-06 02:00:00,,,,,,,0,refresh,False,True,No new data is available; 
36,NYIS,ZOND,2024-11-06 15:14:55.185873+00:00,,2024-11-06 02:00:00,,,,,,,0,refresh,False,True,No new data is available; 
36,NYIS,ZONE,2024-11-06 15:14:55.188069+00:00,,2024-11-06 02:00:00,,,,,,,0,refresh,False,True,No new data is available; 
36,NYIS,ZONF,2024-11-06 15:14:55.190298+00:00,,2024-11-06 02:00:00,,,,,,,0,refresh,False,True,No new data is available; 
36,NYIS,ZONG,2024-11-06 15:14:55.192436+00:00,,2024-11-06 02:00:00,,,,,,,0,refresh,False,True,No new data is available; 
36,NYIS,ZONH,2024-11-06 15:14:55.194596+00:00,,2024-11-06 02:00:00,,,,,,,0,refresh,False,True,No new data is available; 
36,NYIS,ZONI,2024-11-06 15:14:55.196740+00:00,,2024-11-06 02:00:00,,,,,,,0,refresh,False,True,No new data is available; 
36,NYIS,ZONJ,2024-11-06 15:14:55.198911+00:00,,2024-11-06 02:00:00,,,,,,,0,refresh,False,True,No new data is available; 
36,NYIS,ZONK,2024-11-06 15:14:55.201072+00:00,,2024-11-06 02:00:00,,,,,,,0,refresh,False,True,No new data is available; 
37,NYIS,ZONA,2024-11-06 16:18:39.857881+00:00,,2024-11-06 02:00:00,,,,,,,0,refresh,False,True,No new data is available; 
37,NYIS,ZONB,2024-11-06 16:18:39.859438+00:00,,2024-11-06 02:00:00,,,,,,,0,refresh,False,True,No new data is available; 
37,NYIS,ZONC,2024-11-06 16:18:39.861764+00:00,,2024-11-06 02:00:00,,,,,,,0,refresh,False,True,No new data is available; 
37,NYIS,ZOND,2024-11-06 16:18:39.863924+00:00,,2024-11-06 02:00:00,,,,,,,0,refresh,False,True,No new data is available; 
37,NYIS,ZONE,2024-11-06 16:18:39.866158+00:00,,2024-11-06 02:00:00,,,,,,,0,refresh,False,True,No new data is available; 
37,NYIS,ZONF,2024-11-06 16:18:39.868417+00:00,,2024-11-06 02:00:00,,,,,,,0,refresh,False,True,No new data is available; 
37,NYIS,ZONG,2024-11-06 16:18:39.870586+00:00,,2024-11-06 02:00:00,,,,,,,0,refresh,False,True,No new data is available; 
37,NYIS,ZONH,2024-11-06 16:18:39.872809+00:00,,2024-11-06 02:00:00,,,,,,,0,refresh,False,True,No new data is available; 
37,NYIS,ZONI,2024-11-06 16:18:39.875242+00:00,,2024-11-06 02:00:00,,,,,,,0,refresh,False,True,No new data is available; 
37,NYIS,ZONJ,2024-11-06 16:18:39.877324+00:00,,2024-11-06 02:00:00,,,,,,,0,refresh,False,True,No new data is available; 
37,NYIS,ZONK,2024-11-06 16:18:39.879384+00:00,,2024-11-06 02:00:00,,,,,,,0,refresh,False,True,No new data is available; 
38,NYIS,ZONA,2024-11-06 17:12:13.077298+00:00,,2024-11-06 02:00:00,,,,,,,0,refresh,False,True,No new data is available; 
38,NYIS,ZONB,2024-11-06 17:12:13.078814+00:00,,2024-11-06 02:00:00,,,,,,,0,refresh,False,True,No new data is available; 
38,NYIS,ZONC,2024-11-06 17:12:13.081078+00:00,,2024-11-06 02:00:00,,,,,,,0,refresh,False,True,No new data is available; 
38,NYIS,ZOND,2024-11-06 17:12:13.083212+00:00,,2024-11-06 02:00:00,,,,,,,0,refresh,False,True,No new data is available; 
38,NYIS,ZONE,2024-11-06 17:12:13.085494+00:00,,2024-11-06 02:00:00,,,,,,,0,refresh,False,True,No new data is available; 
38,NYIS,ZONF,2024-11-06 17:12:13.087716+00:00,,2024-11-06 02:00:00,,,,,,,0,refresh,False,True,No new data is available; 
38,NYIS,ZONG,2024-11-06 17:12:13.090146+00:00,,2024-11-06 02:00:00,,,,,,,0,refresh,False,True,No new data is available; 
38,NYIS,ZONH,2024-11-06 17:12:13.092182+00:00,,2024-11-06 02:00:00,,,,,,,0,refresh,False,True,No new data is available; 
38,NYIS,ZONI,2024-11-06 17:12:13.094267+00:00,,2024-11-06 02:00:00,,,,,,,0,refresh,False,True,No new data is available; 
38,NYIS,ZONJ,2024-11-06 17:12:13.096305+00:00,,2024-11-06 02:00:00,,,,,,,0,refresh,False,True,No new data is available; 
38,NYIS,ZONK,2024-11-06 17:12:13.098396+00:00,,2024-11-06 02:00:00,,,,,,,0,refresh,False,True,No new data is available; 
39,NYIS,ZONA,2024-11-06 18:18:40.038609+00:00,,2024-11-06 02:00:00,,,,,,,0,refresh,False,True,No new data is available; 
39,NYIS,ZONB,2024-11-06 18:18:40.040374+00:00,,2024-11-06 02:00:00,,,,,,,0,refresh,False,True,No new data is available; 
39,NYIS,ZONC,2024-11-06 18:18:40.042768+00:00,,2024-11-06 02:00:00,,,,,,,0,refresh,False,True,No new data is available; 
39,NYIS,ZOND,2024-11-06 18:18:40.044964+00:00,,2024-11-06 02:00:00,,,,,,,0,refresh,False,True,No new data is available; 
39,NYIS,ZONE,2024-11-06 18:18:40.047213+00:00,,2024-11-06 02:00:00,,,,,,,0,refresh,False,True,No new data is available; 
39,NYIS,ZONF,2024-11-06 18:18:40.049491+00:00,,2024-11-06 02:00:00,,,,,,,0,refresh,False,True,No new data is available; 
39,NYIS,ZONG,2024-11-06 18:18:40.051686+00:00,,2024-11-06 02:00:00,,,,,,,0,refresh,False,True,No new data is available; 
39,NYIS,ZONH,2024-11-06 18:18:40.053848+00:00,,2024-11-06 02:00:00,,,,,,,0,refresh,False,True,No new data is available; 
39,NYIS,ZONI,2024-11-06 18:18:40.056053+00:00,,2024-11-06 02:00:00,,,,,,,0,refresh,False,True,No new data is available; 
39,NYIS,ZONJ,2024-11-06 18:18:40.058591+00:00,,2024-11-06 02:00:00,,,,,,,0,refresh,False,True,No new data is available; 
39,NYIS,ZONK,2024-11-06 18:18:40.060684+00:00,,2024-11-06 02:00:00,,,,,,,0,refresh,False,True,No new data is available; 
40,NYIS,ZONA,2024-11-06 19:12:01.729810+00:00,,2024-11-06 02:00:00,,,,,,,0,refresh,False,True,No new data is available; 
40,NYIS,ZONB,2024-11-06 19:12:01.731324+00:00,,2024-11-06 02:00:00,,,,,,,0,refresh,False,True,No new data is available; 
40,NYIS,ZONC,2024-11-06 19:12:01.733619+00:00,,2024-11-06 02:00:00,,,,,,,0,refresh,False,True,No new data is available; 
40,NYIS,ZOND,2024-11-06 19:12:01.735771+00:00,,2024-11-06 02:00:00,,,,,,,0,refresh,False,True,No new data is available; 
40,NYIS,ZONE,2024-11-06 19:12:01.738039+00:00,,2024-11-06 02:00:00,,,,,,,0,refresh,False,True,No new data is available; 
40,NYIS,ZONF,2024-11-06 19:12:01.740281+00:00,,2024-11-06 02:00:00,,,,,,,0,refresh,False,True,No new data is available; 
40,NYIS,ZONG,2024-11-06 19:12:01.742685+00:00,,2024-11-06 02:00:00,,,,,,,0,refresh,False,True,No new data is available; 
40,NYIS,ZONH,2024-11-06 19:12:01.744755+00:00,,2024-11-06 02:00:00,,,,,,,0,refresh,False,True,No new data is available; 
40,NYIS,ZONI,2024-11-06 19:12:01.746883+00:00,,2024-11-06 02:00:00,,,,,,,0,refresh,False,True,No new data is available; 
40,NYIS,ZONJ,2024-11-06 19:12:01.748976+00:00,,2024-11-06 02:00:00,,,,,,,0,refresh,False,True,No new data is available; 
40,NYIS,ZONK,2024-11-06 19:12:01.751022+00:00,,2024-11-06 02:00:00,,,,,,,0,refresh,False,True,No new data is available; 
41,NYIS,ZONA,2024-11-06 20:15:22.728222+00:00,,2024-11-06 02:00:00,,,,,,,0,refresh,False,True,No new data is available; 
41,NYIS,ZONB,2024-11-06 20:15:22.729732+00:00,,2024-11-06 02:00:00,,,,,,,0,refresh,False,True,No new data is available; 
41,NYIS,ZONC,2024-11-06 20:15:22.731960+00:00,,2024-11-06 02:00:00,,,,,,,0,refresh,False,True,No new data is available; 
41,NYIS,ZOND,2024-11-06 20:15:22.734206+00:00,,2024-11-06 02:00:00,,,,,,,0,refresh,False,True,No new data is available; 
41,NYIS,ZONE,2024-11-06 20:15:22.736508+00:00,,2024-11-06 02:00:00,,,,,,,0,refresh,False,True,No new data is available; 
41,NYIS,ZONF,2024-11-06 20:15:22.738654+00:00,,2024-11-06 02:00:00,,,,,,,0,refresh,False,True,No new data is available; 
41,NYIS,ZONG,2024-11-06 20:15:22.740868+00:00,,2024-11-06 02:00:00,,,,,,,0,refresh,False,True,No new data is available; 
41,NYIS,ZONH,2024-11-06 20:15:22.743268+00:00,,2024-11-06 02:00:00,,,,,,,0,refresh,False,True,No new data is available; 
41,NYIS,ZONI,2024-11-06 20:15:22.745345+00:00,,2024-11-06 02:00:00,,,,,,,0,refresh,False,True,No new data is available; 
41,NYIS,ZONJ,2024-11-06 20:15:22.747394+00:00,,2024-11-06 02:00:00,,,,,,,0,refresh,False,True,No new data is available; 
41,NYIS,ZONK,2024-11-06 20:15:22.749466+00:00,,2024-11-06 02:00:00,,,,,,,0,refresh,False,True,No new data is available; 
42,NYIS,ZONA,2024-11-06 21:14:13.122999+00:00,,2024-11-06 02:00:00,,,,,,,0,refresh,False,True,No new data is available; 
42,NYIS,ZONB,2024-11-06 21:14:13.124617+00:00,,2024-11-06 02:00:00,,,,,,,0,refresh,False,True,No new data is available; 
42,NYIS,ZONC,2024-11-06 21:14:13.127097+00:00,,2024-11-06 02:00:00,,,,,,,0,refresh,False,True,No new data is available; 
42,NYIS,ZOND,2024-11-06 21:14:13.129653+00:00,,2024-11-06 02:00:00,,,,,,,0,refresh,False,True,No new data is available; 
42,NYIS,ZONE,2024-11-06 21:14:13.132190+00:00,,2024-11-06 02:00:00,,,,,,,0,refresh,False,True,No new data is available; 
42,NYIS,ZONF,2024-11-06 21:14:13.134265+00:00,,2024-11-06 02:00:00,,,,,,,0,refresh,False,True,No new data is available; 
42,NYIS,ZONG,2024-11-06 21:14:13.136363+00:00,,2024-11-06 02:00:00,,,,,,,0,refresh,False,True,No new data is available; 
42,NYIS,ZONH,2024-11-06 21:14:13.138403+00:00,,2024-11-06 02:00:00,,,,,,,0,refresh,False,True,No new data is available; 
42,NYIS,ZONI,2024-11-06 21:14:13.140481+00:00,,2024-11-06 02:00:00,,,,,,,0,refresh,False,True,No new data is available; 
42,NYIS,ZONJ,2024-11-06 21:14:13.142558+00:00,,2024-11-06 02:00:00,,,,,,,0,refresh,False,True,No new data is available; 
42,NYIS,ZONK,2024-11-06 21:14:13.144655+00:00,,2024-11-06 02:00:00,,,,,,,0,refresh,False,True,No new data is available; 
43,NYIS,ZONA,2024-11-06 22:14:42.575739+00:00,,2024-11-06 02:00:00,,,,,,,0,refresh,False,True,No new data is available; 
43,NYIS,ZONB,2024-11-06 22:14:42.577241+00:00,,2024-11-06 02:00:00,,,,,,,0,refresh,False,True,No new data is available; 
43,NYIS,ZONC,2024-11-06 22:14:42.579844+00:00,,2024-11-06 02:00:00,,,,,,,0,refresh,False,True,No new data is available; 
43,NYIS,ZOND,2024-11-06 22:14:42.581887+00:00,,2024-11-06 02:00:00,,,,,,,0,refresh,False,True,No new data is available; 
43,NYIS,ZONE,2024-11-06 22:14:42.584016+00:00,,2024-11-06 02:00:00,,,,,,,0,refresh,False,True,No new data is available; 
43,NYIS,ZONF,2024-11-06 22:14:42.586098+00:00,,2024-11-06 02:00:00,,,,,,,0,refresh,False,True,No new data is available; 
43,NYIS,ZONG,2024-11-06 22:14:42.588131+00:00,,2024-11-06 02:00:00,,,,,,,0,refresh,False,True,No new data is available; 
43,NYIS,ZONH,2024-11-06 22:14:42.590230+00:00,,2024-11-06 02:00:00,,,,,,,0,refresh,False,True,No new data is available; 
43,NYIS,ZONI,2024-11-06 22:14:42.592250+00:00,,2024-11-06 02:00:00,,,,,,,0,refresh,False,True,No new data is available; 
43,NYIS,ZONJ,2024-11-06 22:14:42.594306+00:00,,2024-11-06 02:00:00,,,,,,,0,refresh,False,True,No new data is available; 
43,NYIS,ZONK,2024-11-06 22:14:42.596326+00:00,,2024-11-06 02:00:00,,,,,,,0,refresh,False,True,No new data is available; 
44,NYIS,ZONA,2024-11-06 23:13:44.868672+00:00,,2024-11-06 02:00:00,,,,,,,0,refresh,False,True,No new data is available; 
44,NYIS,ZONB,2024-11-06 23:13:44.870369+00:00,,2024-11-06 02:00:00,,,,,,,0,refresh,False,True,No new data is available; 
44,NYIS,ZONC,2024-11-06 23:13:44.872797+00:00,,2024-11-06 02:00:00,,,,,,,0,refresh,False,True,No new data is available; 
44,NYIS,ZOND,2024-11-06 23:13:44.875073+00:00,,2024-11-06 02:00:00,,,,,,,0,refresh,False,True,No new data is available; 
44,NYIS,ZONE,2024-11-06 23:13:44.877467+00:00,,2024-11-06 02:00:00,,,,,,,0,refresh,False,True,No new data is available; 
44,NYIS,ZONF,2024-11-06 23:13:44.879790+00:00,,2024-11-06 02:00:00,,,,,,,0,refresh,False,True,No new data is available; 
44,NYIS,ZONG,2024-11-06 23:13:44.882074+00:00,,2024-11-06 02:00:00,,,,,,,0,refresh,False,True,No new data is available; 
44,NYIS,ZONH,2024-11-06 23:13:44.884531+00:00,,2024-11-06 02:00:00,,,,,,,0,refresh,False,True,No new data is available; 
44,NYIS,ZONI,2024-11-06 23:13:44.886747+00:00,,2024-11-06 02:00:00,,,,,,,0,refresh,False,True,No new data is available; 
44,NYIS,ZONJ,2024-11-06 23:13:44.889321+00:00,,2024-11-06 02:00:00,,,,,,,0,refresh,False,True,No new data is available; 
44,NYIS,ZONK,2024-11-06 23:13:44.891609+00:00,,2024-11-06 02:00:00,,,,,,,0,refresh,False,True,No new data is available; 
45,NYIS,ZONA,2024-11-07 01:00:34.399389+00:00,,2024-11-06 02:00:00,,,,,,,0,refresh,False,True,No new data is available; 
45,NYIS,ZONB,2024-11-07 01:00:34.401058+00:00,,2024-11-06 02:00:00,,,,,,,0,refresh,False,True,No new data is available; 
45,NYIS,ZONC,2024-11-07 01:00:34.403419+00:00,,2024-11-06 02:00:00,,,,,,,0,refresh,False,True,No new data is available; 
45,NYIS,ZOND,2024-11-07 01:00:34.405672+00:00,,2024-11-06 02:00:00,,,,,,,0,refresh,False,True,No new data is available; 
45,NYIS,ZONE,2024-11-07 01:00:34.408082+00:00,,2024-11-06 02:00:00,,,,,,,0,refresh,False,True,No new data is available; 
45,NYIS,ZONF,2024-11-07 01:00:34.410256+00:00,,2024-11-06 02:00:00,,,,,,,0,refresh,False,True,No new data is available; 
45,NYIS,ZONG,2024-11-07 01:00:34.412310+00:00,,2024-11-06 02:00:00,,,,,,,0,refresh,False,True,No new data is available; 
45,NYIS,ZONH,2024-11-07 01:00:34.414413+00:00,,2024-11-06 02:00:00,,,,,,,0,refresh,False,True,No new data is available; 
45,NYIS,ZONI,2024-11-07 01:00:34.416467+00:00,,2024-11-06 02:00:00,,,,,,,0,refresh,False,True,No new data is available; 
45,NYIS,ZONJ,2024-11-07 01:00:34.418558+00:00,,2024-11-06 02:00:00,,,,,,,0,refresh,False,True,No new data is available; 
45,NYIS,ZONK,2024-11-07 01:00:34.420626+00:00,,2024-11-06 02:00:00,,,,,,,0,refresh,False,True,No new data is available; 
46,NYIS,ZONA,2024-11-07 02:17:51.109898+00:00,,2024-11-06 19:00:00,,,,,,,0,refresh,False,True,No new data is available; 
46,NYIS,ZONB,2024-11-07 02:17:51.111443+00:00,,2024-11-06 19:00:00,,,,,,,0,refresh,False,True,No new data is available; 
46,NYIS,ZONC,2024-11-07 02:17:51.113713+00:00,,2024-11-06 19:00:00,,,,,,,0,refresh,False,True,No new data is available; 
46,NYIS,ZOND,2024-11-07 02:17:51.116273+00:00,,2024-11-06 19:00:00,,,,,,,0,refresh,False,True,No new data is available; 
46,NYIS,ZONE,2024-11-07 02:17:51.118401+00:00,,2024-11-06 19:00:00,,,,,,,0,refresh,False,True,No new data is available; 
46,NYIS,ZONF,2024-11-07 02:17:51.120476+00:00,,2024-11-06 19:00:00,,,,,,,0,refresh,False,True,No new data is available; 
46,NYIS,ZONG,2024-11-07 02:17:51.122562+00:00,,2024-11-06 19:00:00,,,,,,,0,refresh,False,True,No new data is available; 
46,NYIS,ZONH,2024-11-07 02:17:51.124608+00:00,,2024-11-06 19:00:00,,,,,,,0,refresh,False,True,No new data is available; 
46,NYIS,ZONI,2024-11-07 02:17:51.126708+00:00,,2024-11-06 19:00:00,,,,,,,0,refresh,False,True,No new data is available; 
46,NYIS,ZONJ,2024-11-07 02:17:51.128763+00:00,,2024-11-06 19:00:00,,,,,,,0,refresh,False,True,No new data is available; 
46,NYIS,ZONK,2024-11-07 02:17:51.130882+00:00,,2024-11-06 19:00:00,,,,,,,0,refresh,False,True,No new data is available; 
47,NYIS,ZONA,2024-11-07 03:20:27.970169+00:00,,2024-11-06 19:00:00,,,,,,,0,refresh,False,True,No new data is available; 
47,NYIS,ZONB,2024-11-07 03:20:27.971787+00:00,,2024-11-06 19:00:00,,,,,,,0,refresh,False,True,No new data is available; 
47,NYIS,ZONC,2024-11-07 03:20:27.974018+00:00,,2024-11-06 19:00:00,,,,,,,0,refresh,False,True,No new data is available; 
47,NYIS,ZOND,2024-11-07 03:20:27.976312+00:00,,2024-11-06 19:00:00,,,,,,,0,refresh,False,True,No new data is available; 
47,NYIS,ZONE,2024-11-07 03:20:27.978442+00:00,,2024-11-06 19:00:00,,,,,,,0,refresh,False,True,No new data is available; 
47,NYIS,ZONF,2024-11-07 03:20:27.980475+00:00,,2024-11-06 19:00:00,,,,,,,0,refresh,False,True,No new data is available; 
47,NYIS,ZONG,2024-11-07 03:20:27.982536+00:00,,2024-11-06 19:00:00,,,,,,,0,refresh,False,True,No new data is available; 
47,NYIS,ZONH,2024-11-07 03:20:27.984558+00:00,,2024-11-06 19:00:00,,,,,,,0,refresh,False,True,No new data is available; 
47,NYIS,ZONI,2024-11-07 03:20:27.987077+00:00,,2024-11-06 19:00:00,,,,,,,0,refresh,False,True,No new data is available; 
47,NYIS,ZONJ,2024-11-07 03:20:27.989260+00:00,,2024-11-06 19:00:00,,,,,,,0,refresh,False,True,No new data is available; 
47,NYIS,ZONK,2024-11-07 03:20:27.991367+00:00,,2024-11-06 19:00:00,,,,,,,0,refresh,False,True,No new data is available; 
48,NYIS,ZONA,2024-11-07 04:16:56.480566+00:00,,2024-11-06 19:00:00,,,,,,,0,refresh,False,True,No new data is available; 
48,NYIS,ZONB,2024-11-07 04:16:56.482066+00:00,,2024-11-06 19:00:00,,,,,,,0,refresh,False,True,No new data is available; 
48,NYIS,ZONC,2024-11-07 04:16:56.484461+00:00,,2024-11-06 19:00:00,,,,,,,0,refresh,False,True,No new data is available; 
48,NYIS,ZOND,2024-11-07 04:16:56.486955+00:00,,2024-11-06 19:00:00,,,,,,,0,refresh,False,True,No new data is available; 
48,NYIS,ZONE,2024-11-07 04:16:56.489330+00:00,,2024-11-06 19:00:00,,,,,,,0,refresh,False,True,No new data is available; 
48,NYIS,ZONF,2024-11-07 04:16:56.491836+00:00,,2024-11-06 19:00:00,,,,,,,0,refresh,False,True,No new data is available; 
48,NYIS,ZONG,2024-11-07 04:16:56.493869+00:00,,2024-11-06 19:00:00,,,,,,,0,refresh,False,True,No new data is available; 
48,NYIS,ZONH,2024-11-07 04:16:56.495930+00:00,,2024-11-06 19:00:00,,,,,,,0,refresh,False,True,No new data is available; 
48,NYIS,ZONI,2024-11-07 04:16:56.497949+00:00,,2024-11-06 19:00:00,,,,,,,0,refresh,False,True,No new data is available; 
48,NYIS,ZONJ,2024-11-07 04:16:56.500021+00:00,,2024-11-06 19:00:00,,,,,,,0,refresh,False,True,No new data is available; 
48,NYIS,ZONK,2024-11-07 04:16:56.502061+00:00,,2024-11-06 19:00:00,,,,,,,0,refresh,False,True,No new data is available; 
49,NYIS,ZONA,2024-11-07 05:14:01.725108+00:00,,2024-11-06 19:00:00,,,,,,,0,refresh,False,True,No new data is available; 
49,NYIS,ZONB,2024-11-07 05:14:01.726616+00:00,,2024-11-06 19:00:00,,,,,,,0,refresh,False,True,No new data is available; 
49,NYIS,ZONC,2024-11-07 05:14:01.728871+00:00,,2024-11-06 19:00:00,,,,,,,0,refresh,False,True,No new data is available; 
49,NYIS,ZOND,2024-11-07 05:14:01.731171+00:00,,2024-11-06 19:00:00,,,,,,,0,refresh,False,True,No new data is available; 
49,NYIS,ZONE,2024-11-07 05:14:01.733558+00:00,,2024-11-06 19:00:00,,,,,,,0,refresh,False,True,No new data is available; 
49,NYIS,ZONF,2024-11-07 05:14:01.736025+00:00,,2024-11-06 19:00:00,,,,,,,0,refresh,False,True,No new data is available; 
49,NYIS,ZONG,2024-11-07 05:14:01.738098+00:00,,2024-11-06 19:00:00,,,,,,,0,refresh,False,True,No new data is available; 
49,NYIS,ZONH,2024-11-07 05:14:01.740153+00:00,,2024-11-06 19:00:00,,,,,,,0,refresh,False,True,No new data is available; 
49,NYIS,ZONI,2024-11-07 05:14:01.742255+00:00,,2024-11-06 19:00:00,,,,,,,0,refresh,False,True,No new data is available; 
49,NYIS,ZONJ,2024-11-07 05:14:01.744308+00:00,,2024-11-06 19:00:00,,,,,,,0,refresh,False,True,No new data is available; 
49,NYIS,ZONK,2024-11-07 05:14:01.746409+00:00,,2024-11-06 19:00:00,,,,,,,0,refresh,False,True,No new data is available; 
50,NYIS,ZONA,2024-11-07 06:18:52.353891+00:00,,2024-11-06 19:00:00,,,,,,,0,refresh,False,True,No new data is available; 
50,NYIS,ZONB,2024-11-07 06:18:52.355579+00:00,,2024-11-06 19:00:00,,,,,,,0,refresh,False,True,No new data is available; 
50,NYIS,ZONC,2024-11-07 06:18:52.358129+00:00,,2024-11-06 19:00:00,,,,,,,0,refresh,False,True,No new data is available; 
50,NYIS,ZOND,2024-11-07 06:18:52.360441+00:00,,2024-11-06 19:00:00,,,,,,,0,refresh,False,True,No new data is available; 
50,NYIS,ZONE,2024-11-07 06:18:52.363008+00:00,,2024-11-06 19:00:00,,,,,,,0,refresh,False,True,No new data is available; 
50,NYIS,ZONF,2024-11-07 06:18:52.365018+00:00,,2024-11-06 19:00:00,,,,,,,0,refresh,False,True,No new data is available; 
50,NYIS,ZONG,2024-11-07 06:18:52.367085+00:00,,2024-11-06 19:00:00,,,,,,,0,refresh,False,True,No new data is available; 
50,NYIS,ZONH,2024-11-07 06:18:52.369071+00:00,,2024-11-06 19:00:00,,,,,,,0,refresh,False,True,No new data is available; 
50,NYIS,ZONI,2024-11-07 06:18:52.371108+00:00,,2024-11-06 19:00:00,,,,,,,0,refresh,False,True,No new data is available; 
50,NYIS,ZONJ,2024-11-07 06:18:52.373108+00:00,,2024-11-06 19:00:00,,,,,,,0,refresh,False,True,No new data is available; 
50,NYIS,ZONK,2024-11-07 06:18:52.375144+00:00,,2024-11-06 19:00:00,,,,,,,0,refresh,False,True,No new data is available; 
51,NYIS,ZONA,2024-11-07 07:13:12.973774+00:00,,2024-11-06 19:00:00,,,,,,,0,refresh,False,True,No new data is available; 
51,NYIS,ZONB,2024-11-07 07:13:12.975356+00:00,,2024-11-06 19:00:00,,,,,,,0,refresh,False,True,No new data is available; 
51,NYIS,ZONC,2024-11-07 07:13:12.977676+00:00,,2024-11-06 19:00:00,,,,,,,0,refresh,False,True,No new data is available; 
51,NYIS,ZOND,2024-11-07 07:13:12.979888+00:00,,2024-11-06 19:00:00,,,,,,,0,refresh,False,True,No new data is available; 
51,NYIS,ZONE,2024-11-07 07:13:12.982183+00:00,,2024-11-06 19:00:00,,,,,,,0,refresh,False,True,No new data is available; 
51,NYIS,ZONF,2024-11-07 07:13:12.984626+00:00,,2024-11-06 19:00:00,,,,,,,0,refresh,False,True,No new data is available; 
51,NYIS,ZONG,2024-11-07 07:13:12.986780+00:00,,2024-11-06 19:00:00,,,,,,,0,refresh,False,True,No new data is available; 
51,NYIS,ZONH,2024-11-07 07:13:12.988876+00:00,,2024-11-06 19:00:00,,,,,,,0,refresh,False,True,No new data is available; 
51,NYIS,ZONI,2024-11-07 07:13:12.991023+00:00,,2024-11-06 19:00:00,,,,,,,0,refresh,False,True,No new data is available; 
51,NYIS,ZONJ,2024-11-07 07:13:12.993130+00:00,,2024-11-06 19:00:00,,,,,,,0,refresh,False,True,No new data is available; 
51,NYIS,ZONK,2024-11-07 07:13:12.995289+00:00,,2024-11-06 19:00:00,,,,,,,0,refresh,False,True,No new data is available; 
52,NYIS,ZONA,2024-11-07 08:17:49.732372+00:00,,2024-11-06 19:00:00,,,,,,,0,refresh,False,True,No new data is available; 
52,NYIS,ZONB,2024-11-07 08:17:49.733977+00:00,,2024-11-06 19:00:00,,,,,,,0,refresh,False,True,No new data is available; 
52,NYIS,ZONC,2024-11-07 08:17:49.736456+00:00,,2024-11-06 19:00:00,,,,,,,0,refresh,False,True,No new data is available; 
52,NYIS,ZOND,2024-11-07 08:17:49.738627+00:00,,2024-11-06 19:00:00,,,,,,,0,refresh,False,True,No new data is available; 
52,NYIS,ZONE,2024-11-07 08:17:49.740831+00:00,,2024-11-06 19:00:00,,,,,,,0,refresh,False,True,No new data is available; 
52,NYIS,ZONF,2024-11-07 08:17:49.743186+00:00,,2024-11-06 19:00:00,,,,,,,0,refresh,False,True,No new data is available; 
52,NYIS,ZONG,2024-11-07 08:17:49.745206+00:00,,2024-11-06 19:00:00,,,,,,,0,refresh,False,True,No new data is available; 
52,NYIS,ZONH,2024-11-07 08:17:49.747237+00:00,,2024-11-06 19:00:00,,,,,,,0,refresh,False,True,No new data is available; 
52,NYIS,ZONI,2024-11-07 08:17:49.749249+00:00,,2024-11-06 19:00:00,,,,,,,0,refresh,False,True,No new data is available; 
52,NYIS,ZONJ,2024-11-07 08:17:49.751293+00:00,,2024-11-06 19:00:00,,,,,,,0,refresh,False,True,No new data is available; 
52,NYIS,ZONK,2024-11-07 08:17:49.753314+00:00,,2024-11-06 19:00:00,,,,,,,0,refresh,False,True,No new data is available; 
53,NYIS,ZONA,2024-11-07 09:14:41.857072+00:00,,2024-11-07 02:00:00,,,,,,,0,refresh,False,True,No new data is available; 
53,NYIS,ZONB,2024-11-07 09:14:41.858604+00:00,,2024-11-07 02:00:00,,,,,,,0,refresh,False,True,No new data is available; 
53,NYIS,ZONC,2024-11-07 09:14:41.860938+00:00,,2024-11-07 02:00:00,,,,,,,0,refresh,False,True,No new data is available; 
53,NYIS,ZOND,2024-11-07 09:14:41.863084+00:00,,2024-11-07 02:00:00,,,,,,,0,refresh,False,True,No new data is available; 
53,NYIS,ZONE,2024-11-07 09:14:41.865290+00:00,,2024-11-07 02:00:00,,,,,,,0,refresh,False,True,No new data is available; 
53,NYIS,ZONF,2024-11-07 09:14:41.867569+00:00,,2024-11-07 02:00:00,,,,,,,0,refresh,False,True,No new data is available; 
53,NYIS,ZONG,2024-11-07 09:14:41.869870+00:00,,2024-11-07 02:00:00,,,,,,,0,refresh,False,True,No new data is available; 
53,NYIS,ZONH,2024-11-07 09:14:41.872082+00:00,,2024-11-07 02:00:00,,,,,,,0,refresh,False,True,No new data is available; 
53,NYIS,ZONI,2024-11-07 09:14:41.874197+00:00,,2024-11-07 02:00:00,,,,,,,0,refresh,False,True,No new data is available; 
53,NYIS,ZONJ,2024-11-07 09:14:41.876350+00:00,,2024-11-07 02:00:00,,,,,,,0,refresh,False,True,No new data is available; 
53,NYIS,ZONK,2024-11-07 09:14:41.878797+00:00,,2024-11-07 02:00:00,,,,,,,0,refresh,False,True,No new data is available; 
54,NYIS,ZONA,2024-11-07 10:14:37.144521+00:00,,2024-11-07 02:00:00,,,,,,,0,refresh,False,True,No new data is available; 
54,NYIS,ZONB,2024-11-07 10:14:37.146175+00:00,,2024-11-07 02:00:00,,,,,,,0,refresh,False,True,No new data is available; 
54,NYIS,ZONC,2024-11-07 10:14:37.148591+00:00,,2024-11-07 02:00:00,,,,,,,0,refresh,False,True,No new data is available; 
54,NYIS,ZOND,2024-11-07 10:14:37.150874+00:00,,2024-11-07 02:00:00,,,,,,,0,refresh,False,True,No new data is available; 
54,NYIS,ZONE,2024-11-07 10:14:37.153405+00:00,,2024-11-07 02:00:00,,,,,,,0,refresh,False,True,No new data is available; 
54,NYIS,ZONF,2024-11-07 10:14:37.155528+00:00,,2024-11-07 02:00:00,,,,,,,0,refresh,False,True,No new data is available; 
54,NYIS,ZONG,2024-11-07 10:14:37.157616+00:00,,2024-11-07 02:00:00,,,,,,,0,refresh,False,True,No new data is available; 
54,NYIS,ZONH,2024-11-07 10:14:37.159767+00:00,,2024-11-07 02:00:00,,,,,,,0,refresh,False,True,No new data is available; 
54,NYIS,ZONI,2024-11-07 10:14:37.161852+00:00,,2024-11-07 02:00:00,,,,,,,0,refresh,False,True,No new data is available; 
54,NYIS,ZONJ,2024-11-07 10:14:37.163971+00:00,,2024-11-07 02:00:00,,,,,,,0,refresh,False,True,No new data is available; 
54,NYIS,ZONK,2024-11-07 10:14:37.166072+00:00,,2024-11-07 02:00:00,,,,,,,0,refresh,False,True,No new data is available; 
55,NYIS,ZONA,2024-11-07 11:12:24.964913+00:00,,2024-11-07 02:00:00,,,,,,,0,refresh,False,True,No new data is available; 
55,NYIS,ZONB,2024-11-07 11:12:24.966457+00:00,,2024-11-07 02:00:00,,,,,,,0,refresh,False,True,No new data is available; 
55,NYIS,ZONC,2024-11-07 11:12:24.968697+00:00,,2024-11-07 02:00:00,,,,,,,0,refresh,False,True,No new data is available; 
55,NYIS,ZOND,2024-11-07 11:12:24.970932+00:00,,2024-11-07 02:00:00,,,,,,,0,refresh,False,True,No new data is available; 
55,NYIS,ZONE,2024-11-07 11:12:24.973136+00:00,,2024-11-07 02:00:00,,,,,,,0,refresh,False,True,No new data is available; 
55,NYIS,ZONF,2024-11-07 11:12:24.975368+00:00,,2024-11-07 02:00:00,,,,,,,0,refresh,False,True,No new data is available; 
55,NYIS,ZONG,2024-11-07 11:12:24.977730+00:00,,2024-11-07 02:00:00,,,,,,,0,refresh,False,True,No new data is available; 
55,NYIS,ZONH,2024-11-07 11:12:24.979796+00:00,,2024-11-07 02:00:00,,,,,,,0,refresh,False,True,No new data is available; 
55,NYIS,ZONI,2024-11-07 11:12:24.981830+00:00,,2024-11-07 02:00:00,,,,,,,0,refresh,False,True,No new data is available; 
55,NYIS,ZONJ,2024-11-07 11:12:24.983924+00:00,,2024-11-07 02:00:00,,,,,,,0,refresh,False,True,No new data is available; 
55,NYIS,ZONK,2024-11-07 11:12:24.985965+00:00,,2024-11-07 02:00:00,,,,,,,0,refresh,False,True,No new data is available; 
